Periodo,1.IPC General,2.IPCX,3.IPCX1,4.IPC SAE,5.IPC sin volátiles,6.IPC Servicios sin volátiles,7.IPC Bienes sin volátiles,8.IPC volátil,9.IPC Alimentos volátiles,10.IPC Energía volátiles,11.IPC Resto de volátiles
Jan-1929,,,,,,,,,,,
Feb-1929,,,,,,,,,,,
Mar-1929,4.00,,,,,,,,,,
Apr-1929,2.00,,,,,,,,,,
May-1929,0.00,,,,,,,,,,
Jun-1929,1.80,,,,,,,,,,
Jul-1929,1.80,,,,,,,,,,
Aug-1929,3.70,,,,,,,,,,
Sep-1929,0.00,,,,,,,,,,
Oct-1929,1.80,,,,,,,,,,
Nov-1929,3.70,,,,,,,,,,
Dec-1929,7.40,,,,,,,,,,
Jan-1930,1.90,,,,,,,,,,
Feb-1930,0.00,,,,,,,,,,
Mar-1930,0.00,,,,,,,,,,
Apr-1930,1.90,,,,,,,,,,
May-1930,1.90,,,,,,,,,,
Jun-1930,0.00,,,,,,,,,,
Jul-1930,0.00,,,,,,,,,,
Aug-1930,-1.80,,,,,,,,,,
Sep-1930,-5.20,,,,,,,,,,
Oct-1930,0.00,,,,,,,,,,
Nov-1930,-1.80,,,,,,,,,,
Dec-1930,-5.20,,,,,,,,,,
Jan-1931,0.00,,,,,,,,,,
Feb-1931,-1.90,,,,,,,,,,
Mar-1931,0.00,,,,,,,,,,
Apr-1931,-3.80,,,,,,,,,,
May-1931,-1.90,,,,,,,,,,
Jun-1931,-1.80,,,,,,,,,,
Jul-1931,0.00,,,,,,,,,,
Aug-1931,0.00,,,,,,,,,,
Sep-1931,0.00,,,,,,,,,,
Oct-1931,-3.60,,,,,,,,,,
Nov-1931,-3.60,,,,,,,,,,
Dec-1931,0.00,,,,,,,,,,
Jan-1932,-7.50,,,,,,,,,,
Feb-1932,-3.90,,,,,,,,,,
Mar-1932,-1.90,,,,,,,,,,
Apr-1932,2.00,,,,,,,,,,
May-1932,1.90,,,,,,,,,,
Jun-1932,1.80,,,,,,,,,,
Jul-1932,0.00,,,,,,,,,,
Aug-1932,5.50,,,,,,,,,,
Sep-1932,18.20,,,,,,,,,,
Oct-1932,22.20,,,,,,,,,,
Nov-1932,24.10,,,,,,,,,,
Dec-1932,23.60,,,,,,,,,,
Jan-1933,38.80,,,,,,,,,,
Feb-1933,38.80,,,,,,,,,,
Mar-1933,33.30,,,,,,,,,,
Apr-1933,32.70,,,,,,,,,,
May-1933,31.50,,,,,,,,,,
Jun-1933,30.90,,,,,,,,,,
Jul-1933,30.90,,,,,,,,,,
Aug-1933,25.90,,,,,,,,,,
Sep-1933,13.90,,,,,,,,,,
Oct-1933,10.60,,,,,,,,,,
Nov-1933,6.00,,,,,,,,,,
Dec-1933,4.40,,,,,,,,,,
Jan-1934,1.50,,,,,,,,,,
Feb-1934,0.00,,,,,,,,,,
Mar-1934,1.50,,,,,,,,,,
Apr-1934,1.40,,,,,,,,,,
May-1934,0.00,,,,,,,,,,
Jun-1934,-1.40,,,,,,,,,,
Jul-1934,0.00,,,,,,,,,,
Aug-1934,-2.70,,,,,,,,,,
Sep-1934,-1.40,,,,,,,,,,
Oct-1934,-2.70,,,,,,,,,,
Nov-1934,2.80,,,,,,,,,,
Dec-1934,4.20,,,,,,,,,,
Jan-1935,7.20,,,,,,,,,,
Feb-1935,4.40,,,,,,,,,,
Mar-1935,2.90,,,,,,,,,,
Apr-1935,2.90,,,,,,,,,,
May-1935,1.40,,,,,,,,,,
Jun-1935,1.40,,,,,,,,,,
Jul-1935,1.40,,,,,,,,,,
Aug-1935,1.40,,,,,,,,,,
Sep-1935,0.00,,,,,,,,,,
Oct-1935,2.80,,,,,,,,,,
Nov-1935,0.00,,,,,,,,,,
Dec-1935,-1.40,,,,,,,,,,
Jan-1936,-1.40,,,,,,,,,,
Feb-1936,4.20,,,,,,,,,,
Mar-1936,5.60,,,,,,,,,,
Apr-1936,5.50,,,,,,,,,,
May-1936,8.30,,,,,,,,,,
Jun-1936,9.70,,,,,,,,,,
Jul-1936,9.60,,,,,,,,,,
Aug-1936,11.10,,,,,,,,,,
Sep-1936,11.00,,,,,,,,,,
Oct-1936,13.70,,,,,,,,,,
Nov-1936,12.30,,,,,,,,,,
Dec-1936,12.30,,,,,,,,,,
Jan-1937,12.30,,,,,,,,,,
Feb-1937,8.10,,,,,,,,,,
Mar-1937,10.70,,,,,,,,,,
Apr-1937,13.20,,,,,,,,,,
May-1937,12.80,,,,,,,,,,
Jun-1937,13.90,,,,,,,,,,
Jul-1937,13.70,,,,,,,,,,
Aug-1937,15.00,,,,,,,,,,
Sep-1937,14.80,,,,,,,,,,
Oct-1937,12.00,,,,,,,,,,
Nov-1937,13.40,,,,,,,,,,
Dec-1937,9.80,,,,,,,,,,
Jan-1938,8.50,,,,,,,,,,
Feb-1938,11.20,,,,,,,,,,
Mar-1938,8.40,,,,,,,,,,
Apr-1938,7.00,,,,,,,,,,
May-1938,6.80,,,,,,,,,,
Jun-1938,4.40,,,,,,,,,,
Jul-1938,3.30,,,,,,,,,,
Aug-1938,1.10,,,,,,,,,,
Sep-1938,1.10,,,,,,,,,,
Oct-1938,1.10,,,,,,,,,,
Nov-1938,1.10,,,,,,,,,,
Dec-1938,2.20,,,,,,,,,,
Jan-1939,1.10,,,,,,,,,,
Feb-1939,-1.10,,,,,,,,,,
Mar-1939,0.00,,,,,,,,,,
Apr-1939,1.10,,,,,,,,,,
May-1939,0.00,,,,,,,,,,
Jun-1939,0.00,,,,,,,,,,
Jul-1939,-1.10,,,,,,,,,,
Aug-1939,0.00,,,,,,,,,,
Sep-1939,0.00,,,,,,,,,,
Oct-1939,3.20,,,,,,,,,,
Nov-1939,5.30,,,,,,,,,,
Dec-1939,7.60,,,,,,,,,,
Jan-1940,6.70,,,,,,,,,,
Feb-1940,11.40,,,,,,,,,,
Mar-1940,10.00,,,,,,,,,,
Apr-1940,9.70,,,,,,,,,,
May-1940,9.60,,,,,,,,,,
Jun-1940,13.80,,,,,,,,,,
Jul-1940,14.00,,,,,,,,,,
Aug-1940,16.10,,,,,,,,,,
Sep-1940,20.20,,,,,,,,,,
Oct-1940,17.50,,,,,,,,,,
Nov-1940,13.10,,,,,,,,,,
Dec-1940,9.10,,,,,,,,,,
Jan-1941,12.50,,,,,,,,,,
Feb-1941,12.30,,,,,,,,,,
Mar-1941,14.10,,,,,,,,,,
Apr-1941,12.70,,,,,,,,,,
May-1941,15.50,,,,,,,,,,
Jun-1941,13.10,,,,,,,,,,
Jul-1941,15.10,,,,,,,,,,
Aug-1941,14.80,,,,,,,,,,
Sep-1941,15.00,,,,,,,,,,
Oct-1941,15.80,,,,,,,,,,
Nov-1941,17.00,,,,,,,,,,
Dec-1941,23.10,,,,,,,,,,
Jan-1942,24.10,,,,,,,,,,
Feb-1942,24.60,,,,,,,,,,
Mar-1942,26.50,,,,,,,,,,
Apr-1942,29.50,,,,,,,,,,
May-1942,27.70,,,,,,,,,,
Jun-1942,24.80,,,,,,,,,,
Jul-1942,24.60,,,,,,,,,,
Aug-1942,26.60,,,,,,,,,,
Sep-1942,23.10,,,,,,,,,,
Oct-1942,25.50,,,,,,,,,,
Nov-1942,26.50,,,,,,,,,,
Dec-1942,25.50,,,,,,,,,,
Jan-1943,22.40,,,,,,,,,,
Feb-1943,21.80,,,,,,,,,,
Mar-1943,18.20,,,,,,,,,,
Apr-1943,18.10,,,,,,,,,,
May-1943,18.40,,,,,,,,,,
Jun-1943,21.20,,,,,,,,,,
Jul-1943,19.10,,,,,,,,,,
Aug-1943,15.30,,,,,,,,,,
Sep-1943,14.40,,,,,,,,,,
Oct-1943,11.10,,,,,,,,,,
Nov-1943,10.50,,,,,,,,,,
Dec-1943,7.80,,,,,,,,,,
Jan-1944,11.60,,,,,,,,,,
Feb-1944,8.40,,,,,,,,,,
Mar-1944,8.90,,,,,,,,,,
Apr-1944,8.50,,,,,,,,,,
May-1944,8.90,,,,,,,,,,
Jun-1944,6.00,,,,,,,,,,
Jul-1944,7.70,,,,,,,,,,
Aug-1944,10.50,,,,,,,,,,
Sep-1944,14.80,,,,,,,,,,
Oct-1944,19.00,,,,,,,,,,
Nov-1944,19.60,,,,,,,,,,
Dec-1944,15.00,,,,,,,,,,
Jan-1945,12.60,,,,,,,,,,
Feb-1945,14.40,,,,,,,,,,
Mar-1945,13.60,,,,,,,,,,
Apr-1945,10.50,,,,,,,,,,
May-1945,8.20,,,,,,,,,,
Jun-1945,10.40,,,,,,,,,,
Jul-1945,9.80,,,,,,,,,,
Aug-1945,8.00,,,,,,,,,,
Sep-1945,7.10,,,,,,,,,,
Oct-1945,6.00,,,,,,,,,,
Nov-1945,0.50,,,,,,,,,,
Dec-1945,7.70,,,,,,,,,,
Jan-1946,9.70,,,,,,,,,,
Feb-1946,8.20,,,,,,,,,,
Mar-1946,8.10,,,,,,,,,,
Apr-1946,9.50,,,,,,,,,,
May-1946,11.30,,,,,,,,,,
Jun-1946,14.00,,,,,,,,,,
Jul-1946,15.80,,,,,,,,,,
Aug-1946,18.50,,,,,,,,,,
Sep-1946,19.10,,,,,,,,,,
Oct-1946,18.90,,,,,,,,,,
Nov-1946,26.40,,,,,,,,,,
Dec-1946,30.10,,,,,,,,,,
Jan-1947,35.00,,,,,,,,,,
Feb-1947,35.30,,,,,,,,,,
Mar-1947,40.30,,,,,,,,,,
Apr-1947,39.80,,,,,,,,,,
May-1947,40.70,,,,,,,,,,
Jun-1947,36.50,,,,,,,,,,
Jul-1947,36.70,,,,,,,,,,
Aug-1947,35.50,,,,,,,,,,
Sep-1947,31.00,,,,,,,,,,
Oct-1947,26.40,,,,,,,,,,
Nov-1947,28.10,,,,,,,,,,
Dec-1947,23.10,,,,,,,,,,
Jan-1948,18.00,,,,,,,,,,
Feb-1948,21.50,,,,,,,,,,
Mar-1948,18.60,,,,,,,,,,
Apr-1948,18.30,,,,,,,,,,
May-1948,15.40,,,,,,,,,,
Jun-1948,15.90,,,,,,,,,,
Jul-1948,16.80,,,,,,,,,,
Aug-1948,17.30,,,,,,,,,,
Sep-1948,19.60,,,,,,,,,,
Oct-1948,20.30,,,,,,,,,,
Nov-1948,17.10,,,,,,,,,,
Dec-1948,16.80,,,,,,,,,,
Jan-1949,18.60,,,,,,,,,,
Feb-1949,16.80,,,,,,,,,,
Mar-1949,16.00,,,,,,,,,,
Apr-1949,19.60,,,,,,,,,,
May-1949,20.60,,,,,,,,,,
Jun-1949,21.20,,,,,,,,,,
Jul-1949,18.50,,,,,,,,,,
Aug-1949,17.70,,,,,,,,,,
Sep-1949,14.50,,,,,,,,,,
Oct-1949,19.10,,,,,,,,,,
Nov-1949,21.10,,,,,,,,,,
Dec-1949,20.60,,,,,,,,,,
Jan-1950,17.80,,,,,,,,,,
Feb-1950,15.60,,,,,,,,,,
Mar-1950,16.00,,,,,,,,,,
Apr-1950,12.00,,,,,,,,,,
May-1950,12.10,,,,,,,,,,
Jun-1950,12.60,,,,,,,,,,
Jul-1950,14.50,,,,,,,,,,
Aug-1950,13.60,,,,,,,,,,
Sep-1950,13.70,,,,,,,,,,
Oct-1950,20.60,,,,,,,,,,
Nov-1950,16.80,,,,,,,,,,
Dec-1950,16.50,,,,,,,,,,
Jan-1951,16.30,,,,,,,,,,
Feb-1951,20.30,,,,,,,,,,
Mar-1951,19.20,,,,,,,,,,
Apr-1951,18.50,,,,,,,,,,
May-1951,20.10,,,,,,,,,,
Jun-1951,20.50,,,,,,,,,,
Jul-1951,22.00,,,,,,,,,,
Aug-1951,26.60,,,,,,,,,,
Sep-1951,33.60,,,,,,,,,,
Oct-1951,23.20,,,,,,,,,,
Nov-1951,21.90,,,,,,,,,,
Dec-1951,23.40,,,,,,,,,,
Jan-1952,23.90,,,,,,,,,,
Feb-1952,22.10,,,,,,,,,,
Mar-1952,23.40,,,,,,,,,,
Apr-1952,25.40,,,,,,,,,,
May-1952,29.10,,,,,,,,,,
Jun-1952,27.40,,,,,,,,,,
Jul-1952,26.90,,,,,,,,,,
Aug-1952,21.90,,,,,,,,,,
Sep-1952,18.90,,,,,,,,,,
Oct-1952,17.80,,,,,,,,,,
Nov-1952,20.40,,,,,,,,,,
Dec-1952,12.00,,,,,,,,,,
Jan-1953,16.70,,,,,,,,,,
Feb-1953,16.80,,,,,,,,,,
Mar-1953,15.00,,,,,,,,,,
Apr-1953,13.90,,,,,,,,,,
May-1953,10.30,,,,,,,,,,
Jun-1953,13.10,,,,,,,,,,
Jul-1953,18.00,,,,,,,,,,
Aug-1953,24.40,,,,,,,,,,
Sep-1953,31.20,,,,,,,,,,
Oct-1953,37.50,,,,,,,,,,
Nov-1953,44.80,,,,,,,,,,
Dec-1953,56.20,,,,,,,,,,
Jan-1954,56.30,,,,,,,,,,
Feb-1954,57.40,,,,,,,,,,
Mar-1954,68.50,,,,,,,,,,
Apr-1954,78.90,,,,,,,,,,
May-1954,80.90,,,,,,,,,,
Jun-1954,82.50,,,,,,,,,,
Jul-1954,78.30,,,,,,,,,,
Aug-1954,81.60,,,,,,,,,,
Sep-1954,71.80,,,,,,,,,,
Oct-1954,69.90,,,,,,,,,,
Nov-1954,68.80,,,,,,,,,,
Dec-1954,71.10,,,,,,,,,,
Jan-1955,69.10,,,,,,,,,,
Feb-1955,74.20,,,,,,,,,,
Mar-1955,72.60,,,,,,,,,,
Apr-1955,74.70,,,,,,,,,,
May-1955,77.00,,,,,,,,,,
Jun-1955,77.80,,,,,,,,,,
Jul-1955,73.40,,,,,,,,,,
Aug-1955,66.00,,,,,,,,,,
Sep-1955,73.30,,,,,,,,,,
Oct-1955,76.00,,,,,,,,,,
Nov-1955,80.30,,,,,,,,,,
Dec-1955,83.80,,,,,,,,,,
Jan-1956,84.20,,,,,,,,,,
Feb-1956,78.00,,,,,,,,,,
Mar-1956,69.50,,,,,,,,,,
Apr-1956,59.30,,,,,,,,,,
May-1956,55.30,,,,,,,,,,
Jun-1956,52.40,,,,,,,,,,
Jul-1956,53.10,,,,,,,,,,
Aug-1956,55.10,,,,,,,,,,
Sep-1956,54.40,,,,,,,,,,
Oct-1956,53.10,,,,,,,,,,
Nov-1956,44.00,,,,,,,,,,
Dec-1956,37.70,,,,,,,,,,
Jan-1957,32.40,,,,,,,,,,
Feb-1957,31.70,,,,,,,,,,
Mar-1957,33.40,,,,,,,,,,
Apr-1957,36.80,,,,,,,,,,
May-1957,36.90,,,,,,,,,,
Jun-1957,38.30,,,,,,,,,,
Jul-1957,40.90,,,,,,,,,,
Aug-1957,37.40,,,,,,,,,,
Sep-1957,43.70,,,,,,,,,,
Oct-1957,27.70,,,,,,,,,,
Nov-1957,19.80,,,,,,,,,,
Dec-1957,17.20,,,,,,,,,,
Jan-1958,21.30,,,,,,,,,,
Feb-1958,24.80,,,,,,,,,,
Mar-1958,25.00,,,,,,,,,,
Apr-1958,22.40,,,,,,,,,,
May-1958,23.00,,,,,,,,,,
Jun-1958,20.20,,,,,,,,,,
Jul-1958,16.30,,,,,,,,,,
Aug-1958,16.20,,,,,,,,,,
Sep-1958,6.00,,,,,,,,,,
Oct-1958,15.90,,,,,,,,,,
Nov-1958,27.20,,,,,,,,,,
Dec-1958,32.50,,,,,,,,,,
Jan-1959,32.60,,,,,,,,,,
Feb-1959,34.20,,,,,,,,,,
Mar-1959,36.70,,,,,,,,,,
Apr-1959,37.90,,,,,,,,,,
May-1959,38.70,,,,,,,,,,
Jun-1959,39.90,,,,,,,,,,
Jul-1959,44.00,,,,,,,,,,
Aug-1959,43.70,,,,,,,,,,
Sep-1959,42.50,,,,,,,,,,
Oct-1959,42.80,,,,,,,,,,
Nov-1959,36.30,,,,,,,,,,
Dec-1959,33.20,,,,,,,,,,
Jan-1960,30.90,,,,,,,,,,
Feb-1960,25.40,,,,,,,,,,
Mar-1960,20.40,,,,,,,,,,
Apr-1960,15.00,,,,,,,,,,
May-1960,11.90,,,,,,,,,,
Jun-1960,9.20,,,,,,,,,,
Jul-1960,7.30,,,,,,,,,,
Aug-1960,6.40,,,,,,,,,,
Sep-1960,6.10,,,,,,,,,,
Oct-1960,3.80,,,,,,,,,,
Nov-1960,5.80,,,,,,,,,,
Dec-1960,5.50,,,,,,,,,,
Jan-1961,5.90,,,,,,,,,,
Feb-1961,6.20,,,,,,,,,,
Mar-1961,6.40,,,,,,,,,,
Apr-1961,7.80,,,,,,,,,,
May-1961,8.30,,,,,,,,,,
Jun-1961,8.80,,,,,,,,,,
Jul-1961,7.60,,,,,,,,,,
Aug-1961,7.30,,,,,,,,,,
Sep-1961,7.50,,,,,,,,,,
Oct-1961,8.30,,,,,,,,,,
Nov-1961,8.40,,,,,,,,,,
Dec-1961,9.60,,,,,,,,,,
Jan-1962,9.50,,,,,,,,,,
Feb-1962,10.10,,,,,,,,,,
Mar-1962,9.90,,,,,,,,,,
Apr-1962,9.50,,,,,,,,,,
May-1962,9.70,,,,,,,,,,
Jun-1962,10.90,,,,,,,,,,
Jul-1962,10.50,,,,,,,,,,
Aug-1962,10.80,,,,,,,,,,
Sep-1962,12.30,,,,,,,,,,
Oct-1962,18.40,,,,,,,,,,
Nov-1962,25.90,,,,,,,,,,
Dec-1962,27.70,,,,,,,,,,
Jan-1963,29.60,,,,,,,,,,
Feb-1963,35.90,,,,,,,,,,
Mar-1963,39.20,,,,,,,,,,
Apr-1963,42.50,,,,,,,,,,
May-1963,46.30,,,,,,,,,,
Jun-1963,46.60,,,,,,,,,,
Jul-1963,48.80,,,,,,,,,,
Aug-1963,51.10,,,,,,,,,,
Sep-1963,53.60,,,,,,,,,,
Oct-1963,46.40,,,,,,,,,,
Nov-1963,43.50,,,,,,,,,,
Dec-1963,45.30,,,,,,,,,,
Jan-1964,42.80,,,,,,,,,,
Feb-1964,48.20,,,,,,,,,,
Mar-1964,50.60,,,,,,,,,,
Apr-1964,51.00,,,,,,,,,,
May-1964,47.30,,,,,,,,,,
Jun-1964,48.20,,,,,,,,,,
Jul-1964,48.00,,,,,,,,,,
Aug-1964,47.50,,,,,,,,,,
Sep-1964,44.70,,,,,,,,,,
Oct-1964,47.50,,,,,,,,,,
Nov-1964,40.10,,,,,,,,,,
Dec-1964,38.50,,,,,,,,,,
Jan-1965,38.30,,,,,,,,,,
Feb-1965,28.50,,,,,,,,,,
Mar-1965,27.20,,,,,,,,,,
Apr-1965,32.20,,,,,,,,,,
May-1965,33.20,,,,,,,,,,
Jun-1965,30.40,,,,,,,,,,
Jul-1965,28.20,,,,,,,,,,
Aug-1965,27.80,,,,,,,,,,
Sep-1965,25.90,,,,,,,,,,
Oct-1965,24.10,,,,,,,,,,
Nov-1965,27.60,,,,,,,,,,
Dec-1965,25.80,,,,,,,,,,
Jan-1966,27.50,,,,,,,,,,
Feb-1966,28.50,,,,,,,,,,
Mar-1966,26.90,,,,,,,,,,
Apr-1966,20.40,,,,,,,,,,
May-1966,19.50,,,,,,,,,,
Jun-1966,21.70,,,,,,,,,,
Jul-1966,23.60,,,,,,,,,,
Aug-1966,22.70,,,,,,,,,,
Sep-1966,25.90,,,,,,,,,,
Oct-1966,23.20,,,,,,,,,,
Nov-1966,19.50,,,,,,,,,,
Dec-1966,17.00,,,,,,,,,,
Jan-1967,17.20,,,,,,,,,,
Feb-1967,16.90,,,,,,,,,,
Mar-1967,16.30,,,,,,,,,,
Apr-1967,17.00,,,,,,,,,,
May-1967,18.50,,,,,,,,,,
Jun-1967,18.90,,,,,,,,,,
Jul-1967,19.00,,,,,,,,,,
Aug-1967,17.40,,,,,,,,,,
Sep-1967,16.60,,,,,,,,,,
Oct-1967,17.90,,,,,,,,,,
Nov-1967,19.70,,,,,,,,,,
Dec-1967,21.90,,,,,,,,,,
Jan-1968,25.30,,,,,,,,,,
Feb-1968,25.30,,,,,,,,,,
Mar-1968,25.00,,,,,,,,,,
Apr-1968,25.60,,,,,,,,,,
May-1968,25.60,,,,,,,,,,
Jun-1968,26.40,,,,,,,,,,
Jul-1968,27.00,,,,,,,,,,
Aug-1968,28.40,,,,,,,,,,
Sep-1968,26.50,,,,,,,,,,
Oct-1968,27.10,,,,,,,,,,
Nov-1968,28.60,,,,,,,,,,
Dec-1968,27.90,,,,,,,,,,
Jan-1969,27.00,,,,,,,,,,
Feb-1969,30.40,,,,,,,,,,
Mar-1969,32.40,,,,,,,,,,
Apr-1969,33.20,,,,,,,,,,
May-1969,33.60,,,,,,,,,,
Jun-1969,32.80,,,,,,,,,,
Jul-1969,30.70,,,,,,,,,,
Aug-1969,31.20,,,,,,,,,,
Sep-1969,30.20,,,,,,,,,,
Oct-1969,28.90,,,,,,,,,,
Nov-1969,28.40,,,,,,,,,,
Dec-1969,29.30,,,,,,,,,,
Jan-1970,31.70,,,,,,,,,,
Feb-1970,31.30,,,,,,,,,,
Mar-1970,31.80,,,,,,,,,,
Apr-1970,30.90,,,,,,,,,,
May-1970,30.30,,,,,,,,,,
Jun-1970,29.80,,,,,,,,,,
Jul-1970,30.80,,,,,,,,,,
Aug-1970,32.00,,,,,,,,,,
Sep-1970,34.90,,,,,,,,,,
Oct-1970,35.60,,,,,,,,,,
Nov-1970,35.30,,,,,,,,,,
Dec-1970,34.90,,,,,,,,,,
Jan-1971,28.10,,,,,,,,,,
Feb-1971,22.80,,,,,,,,,,
Mar-1971,20.10,,,,,,,,,,
Apr-1971,20.20,,,,,,,,,,
May-1971,21.00,,,,,,,,,,
Jun-1971,21.10,,,,,,,,,,
Jul-1971,19.10,,,,,,,,,,
Aug-1971,17.40,,,,,,,,,,
Sep-1971,15.60,,,,,,,,,,
Oct-1971,16.50,,,,,,,,,,
Nov-1971,18.90,,,,,,,,,,
Dec-1971,22.10,,,,,,,,,,
Jan-1972,24.80,,,,,,,,,,
Feb-1972,32.00,,,,,,,,,,
Mar-1972,34.00,,,,,,,,,,
Apr-1972,38.10,,,,,,,,,,
May-1972,40.00,,,,,,,,,,
Jun-1972,40.10,,,,,,,,,,
Jul-1972,45.90,,,,,,,,,,
Aug-1972,77.20,,,,,,,,,,
Sep-1972,114.30,,,,,,,,,,
Oct-1972,142.90,,,,,,,,,,
Nov-1972,149.80,,,,,,,,,,
Dec-1972,163.40,,,,,,,,,,
Jan-1973,180.30,,,,,,,,,,
Feb-1973,174.20,,,,,,,,,,
Mar-1973,183.30,,,,,,,,,,
Apr-1973,195.50,,,,,,,,,,
May-1973,238.50,,,,,,,,,,
Jun-1973,283.40,,,,,,,,,,
Jul-1973,323.20,,,,,,,,,,
Aug-1973,303.60,,,,,,,,,,
Sep-1973,286.00,,,,,,,,,,
Oct-1973,528.40,,,,,,,,,,
Nov-1973,528.90,,,,,,,,,,
Dec-1973,508.10,,,,,,,,,,
Jan-1974,529.10,,,,,,,,,,
Feb-1974,651.90,,,,,,,,,,
Mar-1974,708.80,,,,,,,,,,
Apr-1974,746.30,,,,,,,,,,
May-1974,670.20,,,,,,,,,,
Jun-1974,704.60,,,,,,,,,,
Jul-1974,678.20,,,,,,,,,,
Aug-1974,637.20,,,,,,,,,,
Sep-1974,611.50,,,,,,,,,,
Oct-1974,351.00,,,,,,,,,,
Nov-1974,368.10,,,,,,,,,,
Dec-1974,375.90,,,,,,,,,,
Jan-1975,375.10,,,,,,,,,,
Feb-1975,344.80,,,,,,,,,,
Mar-1975,371.90,,,,,,,,,,
Apr-1975,394.30,,,,,,,,,,
May-1975,427.40,,,,,,,,,,
Jun-1975,422.90,,,,,,,,,,
Jul-1975,412.50,,,,,,,,,,
Aug-1975,403.30,,,,,,,,,,
Sep-1975,387.40,,,,,,,,,,
Oct-1975,344.40,,,,,,,,,,
Nov-1975,338.20,,,,,,,,,,
Dec-1975,340.70,,,,,,,,,,
Jan-1976,327.30,,,,,,,,,,
Feb-1976,303.50,,,,,,,,,,
Mar-1976,278.20,,,,,,,,,,
Apr-1976,250.40,,,,,,,,,,
May-1976,231.90,,,,,,,,,,
Jun-1976,211.30,,,,,,,,,,
Jul-1976,210.10,,,,,,,,,,
Aug-1976,200.30,,,,,,,,,,
Sep-1976,195.80,,,,,,,,,,
Oct-1976,191.20,,,,,,,,,,
Nov-1976,179.50,,,,,,,,,,
Dec-1976,174.30,,,,,,,,,,
Jan-1977,163.00,,,,,,,,,,
Feb-1977,152.90,,,,,,,,,,
Mar-1977,136.30,,,,,,,,,,
Apr-1977,121.10,,,,,,,,,,
May-1977,109.00,,,,,,,,,,
Jun-1977,92.30,,,,,,,,,,
Jul-1977,83.50,,,,,,,,,,
Aug-1977,79.90,,,,,,,,,,
Sep-1977,73.40,,,,,,,,,,
Oct-1977,69.30,,,,,,,,,,
Nov-1977,66.70,,,,,,,,,,
Dec-1977,63.50,,,,,,,,,,
Jan-1978,57.20,,,,,,,,,,
Feb-1978,52.10,,,,,,,,,,
Mar-1978,47.50,,,,,,,,,,
Apr-1978,44.60,,,,,,,,,,
May-1978,42.20,,,,,,,,,,
Jun-1978,40.40,,,,,,,,,,
Jul-1978,38.50,,,,,,,,,,
Aug-1978,37.70,,,,,,,,,,
Sep-1978,36.60,,,,,,,,,,
Oct-1978,33.50,,,,,,,,,,
Nov-1978,32.40,,,,,,,,,,
Dec-1978,30.30,,,,,,,,,,
Jan-1979,30.80,,,,,,,,,,
Feb-1979,29.80,,,,,,,,,,
Mar-1979,29.70,,,,,,,,,,
Apr-1979,29.70,,,,,,,,,,
May-1979,30.20,,,,,,,,,,
Jun-1979,30.80,,,,,,,,,,
Jul-1979,32.20,,,,,,,,,,
Aug-1979,34.70,,,,,,,,,,
Sep-1979,36.10,,,,,,,,,,
Oct-1979,36.80,,,,,,,,,,
Nov-1979,37.90,,,,,,,,,,
Dec-1979,38.90,35.55,,,,,,,,,
Jan-1980,38.80,35.89,33.69,,,,,,,,
Feb-1980,39.00,36.75,34.99,,,,,,,,
Mar-1980,39.20,36.58,35.64,,,,,,,,
Apr-1980,39.10,36.36,36.31,,,,,,,,
May-1980,38.90,37.06,36.69,,,,,,,,
Jun-1980,38.10,37.58,38.29,,,,,,,,
Jul-1980,35.90,36.40,36.01,,,,,,,,
Aug-1980,32.70,33.15,33.15,,,,,,,,
Sep-1980,30.40,30.09,31.10,,,,,,,,
Oct-1980,31.00,30.05,31.87,,,,,,,,
Nov-1980,31.60,30.62,33.05,,,,,,,,
Dec-1980,31.20,30.12,33.07,,,,,,,,
Jan-1981,30.60,29.57,32.26,,,,,,,,
Feb-1981,28.60,28.01,30.21,,,,,,,,
Mar-1981,26.00,26.47,28.44,,,,,,,,
Apr-1981,24.40,24.50,26.06,,,,,,,,
May-1981,23.20,22.66,23.73,,,,,,,,
Jun-1981,21.00,20.26,21.23,,,,,,,,
Jul-1981,19.30,18.65,20.14,,,,,,,,
Aug-1981,18.10,17.72,18.74,,,,,,,,
Sep-1981,16.80,16.76,17.45,,,,,,,,
Oct-1981,13.80,14.32,14.13,,,,,,,,
Nov-1981,11.10,12.05,12.02,,,,,,,,
Dec-1981,9.50,10.53,10.05,,,,,,,,
Jan-1982,8.50,9.36,9.29,,,,,,,,
Feb-1982,7.30,8.40,8.65,,,,,,,,
Mar-1982,7.00,7.14,6.94,,,,,,,,
Apr-1982,5.60,6.35,6.10,,,,,,,,
May-1982,3.70,5.05,5.35,,,,,,,,
Jun-1982,4.20,4.76,4.93,,,,,,,,
Jul-1982,5.70,5.68,6.28,,,,,,,,
Aug-1982,7.80,7.41,8.37,,,,,,,,
Sep-1982,11.30,10.44,11.27,,,,,,,,
Oct-1982,16.30,13.48,14.04,,,,,,,,
Nov-1982,20.00,16.08,16.30,,,,,,,,
Dec-1982,20.70,17.29,17.35,,,,,,,,
Jan-1983,22.00,19.11,18.64,,,,,,,,
Feb-1983,23.10,20.19,19.47,,,,,,,,
Mar-1983,24.90,22.69,22.57,,,,,,,,
Apr-1983,28.70,26.35,27.20,,,,,,,,
May-1983,31.20,27.90,29.63,,,,,,,,
Jun-1983,32.30,29.25,30.65,,,,,,,,
Jul-1983,32.30,29.06,29.51,,,,,,,,
Aug-1983,31.60,28.14,27.39,,,,,,,,
Sep-1983,29.10,25.35,25.30,,,,,,,,
Oct-1983,26.20,23.96,24.70,,,,,,,,
Nov-1983,23.70,22.51,22.76,,,,,,,,
Dec-1983,23.10,21.46,22.26,,,,,,,,
Jan-1984,21.10,20.47,21.30,,,,,,,,
Feb-1984,20.70,20.41,20.93,,,,,,,,
Mar-1984,21.50,19.83,19.51,,,,,,,,
Apr-1984,19.70,17.98,16.53,,,,,,,,
May-1984,19.50,18.33,16.99,,,,,,,,
Jun-1984,19.20,18.85,17.22,,,,,,,,
Jul-1984,18.00,17.82,16.29,,,,,,,,
Aug-1984,15.20,16.23,15.25,,,,,,,,
Sep-1984,15.80,17.91,15.59,,,,,,,,
Oct-1984,22.40,24.96,22.29,,,,,,,,
Nov-1984,22.20,25.02,23.74,,,,,,,,
Dec-1984,23.00,25.52,23.87,,,,,,,,
Jan-1985,26.80,27.37,24.35,,,,,,,,
Feb-1985,29.60,29.28,24.97,,,,,,,,
Mar-1985,29.90,30.31,27.06,,,,,,,,
Apr-1985,30.90,31.42,28.43,,,,,,,,
May-1985,32.00,31.91,28.18,,,,,,,,
Jun-1985,35.10,34.22,30.33,,,,,,,,
Jul-1985,35.70,35.67,31.89,,,,,,,,
Aug-1985,36.50,35.92,33.08,,,,,,,,
Sep-1985,34.30,33.65,32.42,,,,,,,,
Oct-1985,26.00,24.48,24.07,,,,,,,,
Nov-1985,26.50,23.94,22.60,,,,,,,,
Dec-1985,26.40,24.08,22.60,,,,,,,,
Jan-1986,25.90,23.60,22.48,,,,,,,,
Feb-1986,24.50,22.84,22.36,,,,,,,,
Mar-1986,22.90,22.71,22.01,,,,,,,,
Apr-1986,21.80,22.30,21.54,,,,,,,,
May-1986,20.30,21.37,21.06,,,,,,,,
Jun-1986,17.60,19.16,19.77,,,,,,,,
Jul-1986,17.20,18.69,19.42,,,,,,,,
Aug-1986,16.90,18.41,18.94,,,,,,,,
Sep-1986,17.30,18.81,18.71,,,,,,,,
Oct-1986,17.30,19.39,18.83,,,,,,,,
Nov-1986,17.10,20.17,19.89,,,,,,,,
Dec-1986,17.40,20.57,20.73,,,,,,,,
Jan-1987,16.60,20.08,20.97,,,,,,,,
Feb-1987,17.50,20.02,20.61,,,,,,,,
Mar-1987,17.70,19.25,20.03,,,,,,,,
Apr-1987,18.80,19.16,20.26,,,,,,,,
May-1987,19.70,20.13,20.61,,,,,,,,
Jun-1987,19.00,19.31,19.19,,,,,,,,
Jul-1987,19.80,19.30,19.43,,,,,,,,
Aug-1987,20.80,19.54,19.08,,,,,,,,
Sep-1987,21.20,19.41,19.43,,,,,,,,
Oct-1987,22.30,18.82,18.71,,,,,,,,
Nov-1987,22.90,19.38,18.71,,,,,,,,
Dec-1987,21.50,19.35,18.71,,,,,,,,
Jan-1988,19.90,18.58,18.59,,,,,,,,
Feb-1988,18.30,17.70,18.71,,,,,,,,
Mar-1988,18.60,17.86,18.47,,,,,,,,
Apr-1988,16.80,17.06,17.78,,,,,,,,
May-1988,15.60,16.67,17.32,,,,,,,,
Jun-1988,15.50,16.78,17.55,,,,,,,,
Jul-1988,13.70,15.43,15.35,,,,,,,,
Aug-1988,13.00,15.41,15.92,,,,,,,,
Sep-1988,12.00,15.02,15.12,,,,,,,,
Oct-1988,11.00,15.61,15.47,,,,,,,,
Nov-1988,10.90,15.18,14.79,,,,,,,,
Dec-1988,12.70,15.00,14.57,,,,,,,,
Jan-1989,13.10,14.69,14.00,,,,,,,,
Feb-1989,12.80,14.39,14.00,,,,,,,,
Mar-1989,12.90,13.77,13.45,,,,,,,,
Apr-1989,13.20,14.02,13.22,,,,,,,,
May-1989,14.80,14.19,13.22,,,,,,,,
Jun-1989,16.20,14.54,13.78,,,,,,,,
Jul-1989,18.10,16.59,16.07,,,,,,,,
Aug-1989,18.40,16.82,16.18,,,,,,,,
Sep-1989,19.70,17.69,17.56,,,,,,,,
Oct-1989,21.40,18.51,18.73,,,,,,,,
Nov-1989,21.10,18.80,19.08,,,,,,,,
Dec-1989,21.40,19.64,19.55,,,,,,,,
Jan-1990,23.10,21.67,20.26,,,,,,,,
Feb-1990,23.30,22.19,20.14,,,,,,,,
Mar-1990,23.90,23.80,21.91,,,,,,,,
Apr-1990,24.80,24.55,22.87,24.50,22.81,23.06,22.53,27.51,20.96,30.63,31.62
May-1990,24.30,24.55,23.48,24.90,23.21,24.24,22.10,25.68,20.39,25.24,30.38
Jun-1990,24.80,24.79,23.72,25.50,23.21,24.82,21.48,26.92,21.90,25.86,31.79
Jul-1990,24.60,23.86,23.48,24.70,22.76,24.62,20.76,27.07,25.73,27.03,28.24
Aug-1990,25.80,23.87,23.36,24.90,23.03,25.10,20.83,29.63,30.16,31.03,28.51
Sep-1990,29.30,25.48,23.84,26.40,23.80,25.64,21.84,36.51,33.34,51.73,32.03
Oct-1990,30.40,25.71,24.45,26.40,23.97,25.19,22.67,38.83,36.75,55.59,32.56
Nov-1990,29.40,25.06,24.33,26.20,24.42,25.73,23.04,35.70,31.16,54.92,30.59
Dec-1990,27.30,24.48,24.08,25.60,24.33,26.19,22.35,31.17,23.63,51.54,28.37
Jan-1991,24.80,23.03,23.84,23.70,24.19,26.19,22.05,25.46,17.78,46.68,22.27
Feb-1991,24.50,22.87,23.96,23.50,24.30,26.52,21.91,24.87,20.67,39.04,21.35
Mar-1991,23.00,21.56,22.88,21.60,22.83,23.76,21.80,23.28,23.53,31.04,19.34
Apr-1991,23.10,21.86,23.12,21.70,22.56,24.22,20.75,23.80,26.90,27.92,19.37
May-1991,24.30,23.23,23.60,22.40,23.78,25.36,22.04,24.92,32.46,24.22,19.34
Jun-1991,23.80,23.49,24.09,21.80,23.41,24.26,22.47,24.41,32.31,22.57,18.96
Jul-1991,24.00,24.04,24.21,21.70,23.55,24.29,22.74,24.62,33.56,20.13,19.33
Aug-1991,23.00,24.04,23.72,21.80,23.70,25.03,22.24,22.22,30.12,15.80,18.51
Sep-1991,18.80,21.19,21.91,19.50,21.81,23.56,19.89,15.26,26.66,-0.96,14.03
Oct-1991,17.80,20.87,21.31,19.60,21.41,24.04,18.55,13.56,25.85,-6.82,13.55
Nov-1991,17.80,20.54,20.71,18.80,21.02,23.73,18.08,14.06,27.88,-4.15,11.77
Dec-1991,18.70,20.16,20.47,18.20,20.66,22.23,18.94,16.23,33.45,-1.65,11.26
Jan-1992,19.50,20.04,20.47,18.30,20.48,22.53,18.20,18.19,39.17,-1.67,11.75
Feb-1992,18.60,19.56,19.76,18.50,20.58,22.80,18.10,16.00,34.10,-2.33,11.61
Mar-1992,18.00,18.90,19.06,18.20,20.11,22.73,17.15,15.31,28.04,2.90,11.40
Apr-1992,17.40,17.90,18.02,17.80,19.29,22.26,15.92,14.97,25.29,4.57,11.66
May-1992,15.80,15.80,16.29,16.60,17.97,21.37,14.13,12.93,19.17,7.52,10.20
Jun-1992,14.50,14.10,14.69,15.80,17.10,20.83,12.92,11.05,14.32,9.40,8.94
Jul-1992,13.70,12.69,13.79,15.40,16.23,20.25,11.72,10.42,12.03,10.71,8.78
Aug-1992,13.90,12.65,14.24,15.20,16.22,20.08,11.85,10.96,13.38,11.44,8.41
Sep-1992,15.10,13.70,15.37,16.00,16.96,20.87,12.53,12.68,15.54,12.75,9.83
Oct-1992,13.40,12.49,14.58,14.70,16.38,19.93,12.35,9.79,10.35,12.41,7.96
Nov-1992,14.00,12.49,14.92,15.00,16.32,20.01,12.14,11.10,14.77,8.60,8.48
Dec-1992,12.70,12.18,14.24,14.40,15.71,19.49,11.43,8.92,10.54,7.11,8.14
Jan-1993,11.70,12.02,14.02,14.30,15.45,18.79,11.60,6.84,5.05,6.55,8.83
Feb-1993,12.80,12.63,14.93,15.00,15.70,18.91,11.96,9.00,8.32,7.35,10.48
Mar-1993,12.70,12.68,14.93,14.60,15.74,18.62,12.33,8.50,7.06,7.79,10.20
Apr-1993,12.80,13.15,15.38,14.70,16.39,18.54,13.82,7.87,4.93,8.15,10.50
May-1993,13.20,13.52,15.61,14.50,16.15,18.02,13.90,9.16,7.97,7.97,10.87
Jun-1993,13.00,13.59,15.26,14.40,15.95,18.10,13.37,8.91,6.99,8.27,11.01
Jul-1993,12.80,14.14,15.38,14.50,16.06,18.15,13.53,8.44,5.90,8.17,11.02
Aug-1993,13.60,14.54,15.61,14.80,16.39,18.30,14.09,9.86,9.29,8.28,11.21
Sep-1993,12.30,13.84,14.58,13.90,15.79,17.35,13.89,7.74,5.47,8.04,9.94
Oct-1993,13.60,14.50,14.58,14.50,15.92,17.46,14.05,10.55,10.57,7.95,11.80
Nov-1993,12.10,13.97,13.79,14.00,15.57,17.41,13.33,7.54,3.56,8.80,11.36
Dec-1993,12.20,14.32,14.47,14.70,16.31,18.88,13.20,6.79,2.04,8.29,11.10
Jan-1994,13.20,14.43,15.03,14.50,16.08,18.30,13.36,9.28,7.70,8.44,11.26
Feb-1994,13.10,14.49,14.92,14.30,15.83,18.12,13.01,9.31,7.79,7.97,11.40
Mar-1994,13.70,14.41,14.92,14.50,15.83,18.37,12.64,10.74,11.28,8.75,11.19
Apr-1994,12.70,13.45,14.13,13.70,15.02,17.83,11.54,9.39,9.12,8.79,9.91
May-1994,12.70,13.71,14.02,13.80,14.73,17.48,11.32,9.71,8.67,8.70,11.16
Jun-1994,12.70,13.75,14.02,13.60,14.65,17.33,11.31,9.92,10.91,7.04,10.42
Jul-1994,12.30,13.11,13.79,13.10,14.29,16.66,11.30,9.42,10.76,6.45,9.62
Aug-1994,11.20,12.16,12.78,12.20,13.07,15.51,10.02,8.45,7.57,8.04,9.51
Sep-1994,10.40,11.74,12.22,12.00,12.52,14.92,9.51,7.46,5.14,6.78,10.11
Oct-1994,8.30,10.92,11.56,11.30,11.73,14.32,8.48,3.57,-3.27,6.36,9.53
Nov-1994,8.90,10.85,11.56,11.00,11.31,13.53,8.52,5.41,1.38,5.81,9.39
Dec-1994,8.90,10.37,11.12,10.40,10.84,12.85,8.29,6.19,3.81,5.51,8.83
Jan-1995,8.50,9.64,10.24,9.80,10.37,12.11,8.15,5.79,2.66,6.67,8.42
Feb-1995,8.70,8.99,9.48,9.20,9.85,11.40,7.85,7.04,5.85,7.50,7.93
Mar-1995,8.20,8.36,8.29,8.40,8.69,9.78,7.27,7.36,6.15,7.57,8.37
Apr-1995,8.30,8.17,7.76,8.10,8.36,9.51,6.86,8.17,9.40,6.49,7.86
May-1995,7.40,7.05,7.23,7.50,7.84,9.11,6.17,6.78,7.09,7.24,6.29
Jun-1995,7.60,6.69,7.12,7.40,7.67,8.92,6.03,7.58,8.73,7.96,6.36
Jul-1995,7.90,6.46,7.01,7.30,7.65,8.91,5.99,8.25,10.88,7.40,6.21
Aug-1995,8.50,6.85,7.55,7.80,8.04,9.04,6.71,9.07,11.28,7.08,7.90
Sep-1995,8.60,6.93,7.65,7.80,8.29,9.35,6.90,8.97,11.32,7.66,7.35
Oct-1995,8.80,6.96,7.65,7.50,8.24,9.39,6.73,9.55,13.60,8.05,6.44
Nov-1995,8.20,6.94,7.55,7.70,8.08,9.42,6.33,8.35,10.43,6.79,7.08
Dec-1995,8.20,6.64,6.80,7.30,7.42,8.61,5.84,9.38,11.82,9.05,7.26
Jan-1996,7.80,6.69,6.70,7.40,7.40,8.89,5.42,8.43,8.92,10.01,7.27
Feb-1996,7.80,6.92,6.80,7.70,7.62,9.11,5.64,8.13,7.38,10.28,7.82
Mar-1996,7.90,6.98,7.02,7.60,8.08,9.66,5.96,7.75,7.81,10.18,6.56
Apr-1996,8.40,6.99,7.02,7.60,8.11,9.69,5.99,8.80,8.80,14.20,6.32
May-1996,8.60,7.51,7.65,7.40,8.74,9.71,7.43,8.38,7.85,13.63,6.40
Jun-1996,8.30,7.82,7.98,7.40,9.06,9.61,8.32,7.03,5.24,11.36,6.65
Jul-1996,7.70,8.04,8.08,7.60,9.17,9.80,8.31,5.41,1.00,11.25,6.93
Aug-1996,6.40,7.49,7.44,7.10,8.72,9.65,7.46,2.94,-2.59,9.99,5.10
Sep-1996,6.30,7.20,7.33,6.90,8.43,9.46,7.05,3.08,-2.51,11.39,4.70
Oct-1996,6.20,7.07,7.22,7.00,8.33,9.35,6.96,3.09,-4.00,13.73,5.24
Nov-1996,6.60,6.87,7.12,6.90,8.23,9.15,6.98,4.07,-2.37,14.79,5.46
Dec-1996,6.60,6.76,7.23,7.00,8.21,9.06,7.05,4.29,-1.66,13.37,5.82
Jan-1997,6.90,6.36,6.80,6.50,7.76,8.46,6.81,5.55,2.29,13.33,4.93
Feb-1997,7.20,6.11,6.59,6.00,7.50,8.26,6.45,6.79,7.55,12.05,3.61
Mar-1997,6.80,6.04,6.48,6.10,7.18,7.99,6.06,6.16,6.22,9.86,4.32
Apr-1997,6.10,5.65,5.95,5.80,6.86,7.63,5.78,4.83,5.34,5.86,3.86
May-1997,5.40,4.97,5.11,5.60,5.97,7.30,4.13,4.64,5.47,5.07,3.66
Jun-1997,5.30,4.67,4.80,5.60,5.67,7.45,3.25,4.60,5.61,5.77,3.11
Jul-1997,5.60,4.57,4.80,5.60,5.60,7.36,3.19,5.56,8.96,3.80,3.32
Aug-1997,5.60,4.41,4.59,5.40,5.38,7.09,3.04,5.83,10.26,3.11,3.10
Sep-1997,6.00,4.58,4.49,5.40,5.43,7.28,2.88,6.94,14.23,2.60,2.41
Oct-1997,6.60,4.49,4.28,5.10,5.36,7.29,2.71,8.41,20.02,0.90,1.54
Nov-1997,6.30,4.53,4.17,4.90,5.36,7.30,2.67,7.72,19.62,-0.13,0.79
Dec-1997,6.00,4.71,4.38,5.10,5.59,7.83,2.50,6.74,17.40,-0.27,0.67
Jan-1998,6.20,4.95,4.90,5.60,5.93,8.12,2.89,6.73,18.21,-3.09,1.29
Feb-1998,5.20,4.90,5.01,5.60,5.80,7.98,2.75,4.36,11.42,-3.74,1.88
Mar-1998,5.30,5.00,5.22,5.70,5.94,8.10,2.90,4.34,10.89,-2.91,1.92
Apr-1998,5.40,5.45,5.42,6.60,5.86,7.93,2.93,4.65,7.57,-3.11,5.84
May-1998,5.30,5.70,5.74,7.10,6.10,8.12,3.24,4.13,5.53,-3.64,6.77
Jun-1998,5.40,5.80,5.74,7.00,6.03,7.89,3.38,4.52,5.44,-2.37,7.14
Jul-1998,5.30,5.89,5.64,7.00,6.00,7.91,3.28,4.08,2.86,0.43,7.05
Aug-1998,5.20,5.90,5.64,7.10,6.08,8.20,3.06,3.79,2.13,0.72,6.92
Sep-1998,4.80,5.73,5.85,7.10,6.11,7.95,3.47,2.69,-0.62,-0.36,7.61
Oct-1998,4.30,6.14,6.80,7.40,6.83,7.87,5.34,0.55,-6.42,-0.65,8.71
Nov-1998,4.30,6.10,6.91,7.50,6.85,7.95,5.27,0.41,-7.13,-0.39,8.99
Dec-1998,4.70,6.11,7.12,7.60,6.55,7.40,5.33,1.78,-5.38,-1.05,10.67
Jan-1999,3.60,5.63,6.27,7.00,6.00,6.94,4.70,-0.16,-9.55,-1.25,9.88
Feb-1999,3.80,5.47,6.16,6.70,5.89,6.67,4.85,0.47,-8.32,-0.90,9.42
Mar-1999,4.10,5.39,5.95,6.60,5.77,6.59,4.82,1.18,-7.11,-0.37,9.53
Apr-1999,4.00,4.92,5.84,5.60,5.80,6.66,4.77,1.10,-5.16,2.69,5.71
May-1999,4.00,4.51,5.63,5.00,5.18,5.81,4.43,1.90,-3.43,3.53,5.33
Jun-1999,3.80,4.22,5.32,4.80,4.86,5.62,3.97,1.86,-3.74,2.68,5.75
Jul-1999,3.40,3.71,4.90,4.30,4.39,4.85,3.89,1.66,-5.12,5.13,5.57
Aug-1999,3.20,3.44,4.58,4.00,4.15,4.38,4.00,1.69,-5.12,6.77,5.41
Sep-1999,2.90,3.21,4.37,3.80,3.69,3.75,3.72,1.70,-5.55,7.03,5.71
Oct-1999,2.50,2.56,3.34,3.30,2.74,3.52,1.74,2.06,-2.97,6.95,4.50
Nov-1999,2.60,2.47,3.13,3.00,2.38,3.20,1.36,2.91,-1.28,8.23,4.49
Dec-1999,2.30,2.07,2.22,2.20,2.00,2.80,1.04,2.90,-0.15,9.78,2.71
Jan-2000,2.80,2.40,2.42,2.20,2.18,2.94,1.28,4.01,2.54,12.26,2.43
Feb-2000,3.30,2.92,2.42,2.90,2.36,3.31,1.23,5.10,0.13,16.76,4.56
Mar-2000,3.40,3.02,2.42,3.00,2.41,3.61,0.97,5.30,-0.46,18.05,4.88
Apr-2000,3.50,2.92,2.32,2.90,2.37,3.80,0.65,5.66,-0.53,20.40,4.77
May-2000,3.60,2.81,2.11,2.80,2.55,4.27,0.49,5.62,0.05,22.07,3.81
Jun-2000,3.70,2.82,2.11,2.90,2.61,4.48,0.36,5.79,0.57,22.25,3.75
Jul-2000,3.80,2.72,2.01,2.90,2.61,4.77,0.02,6.00,1.70,22.19,3.35
Aug-2000,3.90,2.82,2.22,3.20,2.45,4.77,-0.33,6.45,0.98,22.16,4.58
Sep-2000,4.20,3.04,2.12,3.50,2.63,5.38,-0.65,7.21,0.88,25.38,5.08
Oct-2000,4.50,3.24,2.12,3.60,2.71,5.47,-0.58,7.77,0.31,28.71,5.52
Nov-2000,4.70,3.35,2.22,3.90,3.05,5.72,-0.13,7.58,-1.41,29.46,5.94
Dec-2000,4.50,3.45,2.32,4.10,3.25,5.83,0.16,6.78,-3.94,28.24,6.28
Jan-2001,4.70,3.46,2.32,4.20,3.15,5.69,0.10,7.44,-6.16,34.06,6.92
Feb-2001,3.80,2.74,2.22,3.30,2.67,4.99,-0.14,5.78,-4.15,26.19,4.62
Mar-2001,3.50,2.53,2.32,3.00,2.63,4.80,-0.06,5.15,-1.82,21.28,3.63
Apr-2001,3.50,2.52,2.12,2.90,2.39,4.57,-0.31,5.55,-0.91,20.80,3.76
May-2001,3.70,2.63,2.01,3.00,2.18,4.40,-0.57,6.53,-0.03,22.55,4.40
Jun-2001,3.60,2.73,1.91,3.00,2.18,4.31,-0.48,6.02,1.08,19.16,4.05
Jul-2001,3.20,3.14,2.22,3.50,2.29,4.32,-0.25,4.85,0.67,9.57,5.46
Aug-2001,3.80,3.55,2.63,3.50,2.79,4.38,0.80,5.50,1.79,11.97,5.16
Sep-2001,3.90,3.64,2.73,3.40,2.94,4.31,1.20,5.58,1.68,13.79,4.62
Oct-2001,3.40,3.75,3.04,3.80,3.12,4.50,1.37,3.91,0.04,6.41,5.14
Nov-2001,3.10,3.65,2.93,3.50,2.87,4.25,1.12,3.39,2.17,2.79,4.31
Dec-2001,2.60,3.24,2.63,3.10,2.53,4.03,0.63,2.81,3.25,0.80,3.35
Jan-2002,2.20,3.24,2.93,3.00,2.51,3.83,0.83,1.70,3.50,-4.87,3.45
Feb-2002,2.50,3.34,3.14,3.30,2.70,3.95,1.12,2.23,2.91,-2.89,3.93
Mar-2002,2.60,3.24,2.83,3.30,2.41,3.57,0.91,2.86,2.01,0.46,4.27
Apr-2002,2.50,3.04,2.63,3.10,2.50,3.56,1.11,2.46,2.47,0.36,3.33
May-2002,2.10,3.05,2.83,3.10,2.68,3.61,1.47,1.19,1.85,-4.71,3.36
Jun-2002,2.00,2.63,2.73,2.90,2.45,3.31,1.34,1.08,0.75,-3.59,3.20
Jul-2002,2.60,2.43,2.63,2.60,2.34,3.18,1.25,3.04,1.92,5.65,2.64
Aug-2002,2.20,2.13,2.22,2.60,1.95,3.07,0.49,2.57,1.63,2.61,3.07
Sep-2002,2.30,1.94,2.12,2.50,1.93,3.06,0.46,2.91,4.80,0.70,2.79
Oct-2002,3.00,1.94,1.91,2.30,1.93,2.92,0.65,4.97,7.50,8.51,2.20
Nov-2002,3.00,1.84,1.81,1.90,2.08,3.03,0.83,4.52,7.16,9.41,1.15
Dec-2002,2.80,1.94,2.12,1.80,2.34,3.17,1.25,3.71,6.44,8.81,0.27
Jan-2003,3.00,1.84,1.71,1.50,2.41,3.29,1.27,4.08,6.10,14.72,-1.05
Feb-2003,3.80,2.25,1.81,1.70,2.35,3.28,1.12,6.41,7.28,22.18,0.00
Mar-2003,4.50,2.55,2.02,2.00,2.54,3.38,1.42,7.89,7.05,26.01,1.41
Apr-2003,4.00,3.17,2.53,2.70,2.76,3.50,1.77,6.15,6.00,12.61,3.63
May-2003,3.50,2.85,2.53,2.20,2.58,3.30,1.61,5.11,5.47,11.92,2.24
Jun-2003,3.60,2.76,2.73,1.80,2.63,3.03,2.10,5.39,5.55,16.30,1.07
Jul-2003,3.10,2.55,2.53,1.50,2.60,3.06,1.97,3.95,4.58,12.48,0.19
Aug-2003,2.90,2.24,2.42,1.10,2.46,2.91,1.86,3.57,3.61,13.98,-0.63
Sep-2003,2.20,2.23,2.42,1.40,2.21,2.83,1.37,2.19,-0.74,10.03,0.62
Oct-2003,1.20,2.02,2.12,1.50,1.78,2.57,0.73,0.11,-3.37,1.66,1.45
Nov-2003,1.00,1.72,2.01,1.40,1.52,2.43,0.31,-0.07,-4.30,1.95,1.55
Dec-2003,1.10,1.51,1.91,1.50,1.33,2.42,-0.12,0.56,-3.96,3.68,1.89
Jan-2004,0.80,1.31,1.71,1.50,1.08,2.29,-0.53,0.23,-3.02,-0.56,2.43
Feb-2004,0.00,0.60,1.20,0.90,0.95,2.20,-0.72,-1.61,-2.96,-4.03,0.26
Mar-2004,-0.70,0.10,1.00,0.40,0.65,1.75,-0.84,-3.07,-2.74,-7.94,-0.93
Apr-2004,-0.30,-0.30,0.80,0.20,0.32,1.56,-1.36,-1.32,-3.18,0.96,-1.30
May-2004,0.60,-0.10,0.60,0.60,0.30,1.61,-1.47,1.17,-3.45,9.03,0.31
Jun-2004,1.10,0.40,0.50,1.30,0.41,1.93,-1.63,2.15,-3.57,8.50,2.50
Jul-2004,1.40,0.89,0.70,1.80,0.59,2.09,-1.43,2.70,-3.57,8.05,3.83
Aug-2004,1.60,1.19,0.70,1.90,0.73,2.21,-1.28,3.06,-3.72,10.44,3.49
Sep-2004,1.50,0.99,0.60,1.50,0.80,2.19,-1.08,2.57,-2.92,10.29,2.14
Oct-2004,1.90,0.79,0.70,1.20,0.82,2.11,-0.93,3.74,-2.42,17.38,1.33
Nov-2004,2.50,1.29,1.10,1.70,1.04,2.04,-0.32,4.92,-1.20,17.55,2.93
Dec-2004,2.40,1.59,1.00,2.00,1.15,2.01,-0.01,4.58,-0.74,12.41,4.18
Jan-2005,2.30,1.69,1.31,2.00,1.24,2.00,0.18,4.09,-0.91,10.84,3.90
Feb-2005,2.20,1.58,1.51,2.00,1.39,1.95,0.60,3.54,-0.43,7.79,3.81
Mar-2005,2.40,1.79,1.61,2.00,1.36,1.85,0.67,4.19,-0.55,10.97,3.78
Apr-2005,2.90,1.90,1.41,2.00,1.56,2.10,0.81,5.32,0.73,15.63,3.17
May-2005,2.70,2.31,1.61,2.30,1.78,2.30,1.06,4.19,1.16,8.32,3.87
Jun-2005,2.70,2.41,1.61,2.20,1.79,2.24,1.17,4.10,2.62,7.76,3.15
Jul-2005,3.10,2.41,1.91,2.10,1.89,2.29,1.33,4.99,3.35,11.92,2.61
Aug-2005,3.00,2.42,2.02,2.20,1.96,2.26,1.53,4.62,4.41,7.77,3.18
Sep-2005,3.90,2.73,2.32,2.40,2.18,2.40,1.86,6.90,7.88,12.82,3.53
Oct-2005,4.10,2.82,2.53,2.50,2.42,2.66,2.08,6.99,9.47,12.16,3.15
Nov-2005,3.60,2.93,2.42,2.50,2.41,2.85,1.81,5.66,9.30,7.51,2.83
Dec-2005,3.70,3.03,2.63,2.40,2.47,2.93,1.81,5.65,8.12,10.24,2.26
Jan-2006,4.10,3.13,2.73,2.60,2.45,2.88,1.86,6.79,7.84,13.75,3.07
Feb-2006,4.10,3.55,2.73,2.90,2.55,3.05,1.84,6.64,6.01,13.61,3.77
Mar-2006,4.00,3.75,2.63,3.10,2.96,3.87,1.69,5.80,5.50,11.34,3.34
Apr-2006,3.80,3.85,2.83,3.20,3.19,4.17,1.81,4.72,4.51,8.47,2.95
May-2006,3.70,3.33,2.53,2.70,3.12,4.07,1.78,4.76,4.49,11.74,1.48
Jun-2006,3.90,3.24,2.53,2.90,3.03,4.08,1.54,5.39,3.95,12.99,2.38
Jul-2006,3.80,3.34,2.42,3.30,3.01,4.02,1.59,5.21,3.61,9.68,3.77
Aug-2006,3.80,3.24,2.22,3.30,2.92,4.22,1.10,5.25,2.73,11.28,3.50
Sep-2006,2.80,3.14,1.91,3.10,2.73,4.08,0.82,2.85,1.45,3.84,3.10
Oct-2006,2.10,3.15,1.81,3.00,2.61,3.87,0.84,1.11,-0.17,-1.82,3.39
Nov-2006,2.10,2.74,1.91,2.60,2.71,3.87,1.07,1.12,-0.77,1.71,1.89
Dec-2006,2.60,2.64,2.12,2.70,2.79,3.96,1.14,2.18,-0.79,5.28,2.30
Jan-2007,2.80,3.25,2.32,3.10,2.98,4.23,1.21,2.49,-0.20,3.56,3.40
Feb-2007,2.70,3.15,2.22,2.50,2.95,4.23,1.14,2.31,2.02,4.47,1.38
Mar-2007,2.60,2.74,2.12,1.90,2.77,3.80,1.29,2.17,3.25,5.64,-0.16
Apr-2007,2.50,2.64,2.53,1.80,2.77,3.53,1.68,1.98,4.06,3.37,0.15
May-2007,2.90,3.05,3.04,2.00,3.03,3.56,2.27,2.58,4.81,4.17,0.54
Jun-2007,3.20,3.25,3.45,1.80,3.37,3.64,2.97,2.97,7.51,4.66,-0.36
Jul-2007,3.80,3.56,3.97,1.70,3.93,4.18,3.59,3.60,10.77,6.22,-1.58
Aug-2007,4.70,4.28,4.90,2.00,4.64,4.54,4.78,4.66,16.46,4.56,-1.52
Sep-2007,5.80,5.01,5.74,2.50,5.24,5.13,5.40,6.68,18.47,8.66,-0.71
Oct-2007,6.50,5.11,5.64,2.40,5.61,5.60,5.62,7.65,19.72,14.56,-2.35
Nov-2007,7.40,5.74,5.85,3.00,5.86,5.87,5.84,9.85,19.45,20.89,-0.98
Dec-2007,7.80,6.48,6.27,3.40,6.02,5.94,6.13,10.62,18.50,22.67,0.33
Jan-2008,7.50,6.27,6.27,3.30,6.14,6.09,6.22,9.47,17.04,21.25,-0.41
Feb-2008,8.10,7.22,6.59,3.70,6.17,5.85,6.62,11.06,19.37,21.06,1.48
Mar-2008,8.50,7.76,7.44,4.30,6.76,6.33,7.39,11.24,21.26,16.52,2.91
Apr-2008,8.30,8.19,7.65,4.10,7.06,6.23,8.27,10.13,20.36,14.08,2.36
May-2008,8.90,8.51,8.29,4.70,7.43,6.91,8.18,11.02,22.78,13.26,3.26
Jun-2008,9.50,8.83,8.29,5.10,7.60,7.50,7.73,12.26,23.66,16.34,3.41
Jul-2008,9.50,9.16,8.40,5.50,7.29,7.28,7.31,12.75,21.67,16.41,5.35
Aug-2008,9.30,9.05,8.19,5.70,7.07,7.09,7.04,12.69,16.31,19.76,6.30
Sep-2008,9.20,8.94,7.76,5.70,6.91,6.94,6.88,12.73,14.27,22.16,6.27
Oct-2008,9.90,9.37,8.30,6.40,7.08,7.04,7.13,14.10,15.77,21.91,8.36
Nov-2008,8.90,9.49,8.51,7.00,7.43,7.37,7.53,11.08,16.68,7.85,9.37
Dec-2008,7.10,8.62,7.76,6.50,7.44,7.49,7.37,6.55,18.48,-6.39,7.03
Jan-2009,6.30,8.00,6.89,5.80,7.37,7.35,7.40,4.57,20.42,-11.74,4.87
Feb-2009,5.50,6.73,6.72,5.30,7.43,7.54,7.24,2.39,14.66,-9.60,2.23
Mar-2009,5.00,6.48,6.20,5.30,7.24,7.95,6.57,1.42,10.08,-8.79,2.03
Apr-2009,4.50,5.51,5.26,5.00,6.35,8.03,4.50,1.40,8.65,-7.61,1.99
May-2009,3.00,4.43,3.74,3.70,5.68,7.40,3.82,-1.27,5.92,-8.80,-1.11
Jun-2009,1.90,3.61,3.05,3.10,5.12,6.79,3.39,-3.22,1.85,-9.22,-2.18
Jul-2009,0.30,1.70,1.53,1.60,4.33,6.38,2.22,-5.93,0.60,-11.88,-5.60
Aug-2009,-1.00,0.43,1.00,1.00,3.60,5.75,1.35,-7.98,0.19,-18.47,-5.86
Sep-2009,-1.10,0.22,0.76,0.60,3.24,5.27,1.12,-7.49,-0.93,-13.86,-6.65
Oct-2009,-1.90,-0.37,0.24,-0.20,2.61,4.66,0.45,-8.66,-2.31,-15.30,-7.36
Nov-2009,-2.30,-1.61,-0.73,-1.30,1.67,4.03,-0.80,-8.27,-4.11,-9.52,-9.12
Dec-2009,-1.40,-1.83,-1.06,-1.60,1.13,3.72,-1.54,-5.47,-3.57,0.57,-8.91
Jan-2010,-1.30,-2.20,-1.06,-0.50,0.28,2.48,-1.75,-3.98,-4.34,4.56,-7.42
Feb-2010,0.30,-0.81,-0.88,0.10,0.39,2.99,-1.99,0.03,-3.12,5.18,-0.68
Mar-2010,0.30,-1.01,-1.34,-0.80,0.00,2.35,-2.19,0.85,0.31,6.31,-1.37
Apr-2010,0.90,-0.64,-1.12,-0.40,0.12,2.24,-1.86,2.33,1.80,9.38,-0.65
May-2010,1.50,-0.15,-0.91,0.20,-0.03,2.37,-2.28,4.23,2.89,11.39,1.58
Jun-2010,1.20,0.07,-0.74,0.60,-0.02,2.38,-2.27,3.26,2.98,4.40,2.84
Jul-2010,2.30,1.41,-0.54,1.70,0.12,2.26,-1.89,6.05,3.97,5.79,7.28
Aug-2010,2.60,1.91,-0.49,1.10,0.53,2.44,-1.27,6.38,5.31,13.39,3.69
Sep-2010,1.90,1.55,-0.48,1.20,0.67,2.61,-1.16,3.98,5.91,2.72,3.58
Oct-2010,2.00,1.49,-0.52,1.10,0.78,2.78,-1.11,4.09,5.48,4.67,3.03
Nov-2010,2.50,1.96,-0.37,1.20,0.82,2.80,-1.06,5.36,6.42,8.20,3.36
Dec-2010,3.00,2.45,0.07,1.50,1.05,2.83,-0.66,6.38,7.28,9.81,4.20
Jan-2011,2.70,2.01,0.49,0.80,1.25,3.14,-0.57,5.27,6.82,12.78,0.89
Feb-2011,2.70,2.11,0.42,0.90,1.31,3.34,-0.64,5.02,7.61,10.57,1.01
Mar-2011,3.40,2.41,0.71,1.40,1.58,3.72,-0.50,6.48,7.97,13.52,2.23
Apr-2011,3.20,2.44,0.65,1.20,1.77,3.87,-0.27,5.70,9.20,11.46,0.97
May-2011,3.30,2.51,1.12,1.20,2.23,3.92,0.58,5.01,7.70,10.75,0.64
Jun-2011,3.40,2.36,0.95,0.90,2.08,4.00,0.21,5.74,8.21,14.87,-0.08
Jul-2011,2.90,1.95,1.39,0.40,2.18,4.21,0.19,4.12,6.67,14.99,-2.45
Aug-2011,3.20,2.30,1.51,1.20,2.03,4.25,-0.14,5.10,5.49,12.85,0.97
Sep-2011,3.30,2.14,1.51,1.20,1.94,4.36,-0.43,5.53,5.49,14.25,1.21
Oct-2011,3.70,2.55,1.89,1.50,2.05,4.34,-0.20,6.42,6.49,14.24,2.41
Nov-2011,3.90,2.79,2.03,1.90,2.25,4.48,0.05,6.75,9.35,11.45,2.83
Dec-2011,4.40,3.27,2.49,2.40,2.62,4.63,0.62,7.50,10.35,11.64,3.76
Jan-2012,4.20,3.23,2.66,2.60,2.96,4.56,1.35,6.41,10.99,7.23,3.46
Feb-2012,4.40,3.52,2.81,2.70,3.00,4.50,1.50,6.77,12.37,6.27,3.99
Mar-2012,3.80,3.11,2.58,2.30,2.90,4.32,1.47,5.27,12.45,2.87,2.59
Apr-2012,3.50,2.64,2.70,2.50,2.95,4.55,1.33,4.44,10.20,1.10,3.07
May-2012,3.10,2.66,2.33,2.40,2.64,4.48,0.77,3.95,8.49,1.52,2.76
Jun-2012,2.70,2.54,2.31,2.50,2.70,4.58,0.79,2.57,7.02,-2.43,2.89
Jul-2012,2.50,2.44,2.28,2.50,2.64,4.52,0.73,2.28,8.56,-5.04,2.91
Aug-2012,2.60,1.96,1.87,2.00,2.59,4.45,0.69,2.53,9.97,-2.05,0.92
Sep-2012,2.80,2.17,2.14,2.00,2.76,4.39,1.08,2.99,11.44,-2.26,1.11
Oct-2012,2.90,2.09,2.03,1.90,2.75,4.45,1.02,3.19,12.96,-2.12,0.49
Nov-2012,2.10,1.72,2.07,1.80,2.71,4.48,0.89,1.20,8.51,-5.05,0.36
Dec-2012,1.50,1.34,1.85,1.50,2.59,4.52,0.60,-0.28,4.68,-5.09,-0.55
Jan-2013,1.60,1.35,1.67,1.10,2.41,4.56,0.19,0.24,5.83,-2.71,-1.42
Feb-2013,1.30,1.00,1.51,0.80,2.19,4.32,-0.01,-0.12,2.96,0.05,-2.03
Mar-2013,1.50,1.27,1.85,1.10,2.34,4.52,0.08,0.20,1.70,1.22,-1.28
Apr-2013,1.00,1.19,1.55,0.80,2.29,4.47,0.02,-1.15,3.04,-3.57,-2.35
May-2013,0.90,0.95,1.67,0.90,2.25,4.55,-0.18,-1.18,5.06,-6.62,-1.87
Jun-2013,1.90,1.25,1.65,0.80,2.21,4.40,-0.11,1.38,7.88,0.72,-2.10
Jul-2013,2.20,1.28,1.76,0.90,2.21,4.53,-0.23,2.10,7.08,4.17,-1.95
Aug-2013,2.20,1.57,2.05,1.20,2.33,4.56,-0.03,1.96,5.73,3.34,-1.11
Sep-2013,2.00,1.72,2.08,1.40,2.43,4.76,-0.04,1.18,2.92,3.00,-0.90
Oct-2013,1.50,1.74,2.13,1.60,2.66,4.91,0.26,-0.28,2.05,-1.61,-1.07
Nov-2013,2.40,2.20,2.40,1.80,2.68,5.06,0.15,1.86,5.42,1.49,-0.24
Dec-2013,3.00,2.40,2.50,2.10,2.77,5.08,0.29,3.42,6.33,5.50,0.50
Jan-2014,2.80,2.40,2.60,2.40,3.16,4.67,1.30,2.30,5.15,3.21,0.36
Feb-2014,3.20,2.70,2.70,2.50,3.42,4.84,1.67,2.88,7.27,3.78,0.18
Mar-2014,3.50,2.90,2.80,2.70,3.69,5.09,1.95,3.19,7.83,5.14,-0.17
Apr-2014,4.30,3.70,3.60,3.50,4.25,5.19,3.08,4.47,8.45,6.59,1.39
May-2014,4.70,4.00,3.90,3.80,4.58,5.25,3.73,5.02,8.03,8.87,1.64
Jun-2014,4.30,4.00,3.80,3.60,4.71,5.29,3.96,3.66,5.89,7.09,0.85
Jul-2014,4.50,4.20,4.00,3.70,4.68,5.04,4.23,4.20,6.24,7.39,1.57
Aug-2014,4.50,4.40,4.30,4.00,4.67,4.94,4.33,4.33,7.32,4.11,2.78
Sep-2014,4.90,4.50,4.30,3.90,4.74,4.89,4.54,5.19,9.72,5.33,2.62
Oct-2014,5.70,4.90,4.50,4.10,4.91,4.91,4.91,7.00,12.53,8.81,3.02
Nov-2014,5.50,5.00,4.60,4.30,4.99,4.85,5.15,6.24,9.45,7.71,3.71
Dec-2014,4.60,5.10,4.60,4.30,4.87,4.71,5.07,4.27,9.81,-2.00,4.12
Jan-2015,4.50,5.50,5.00,4.80,5.06,4.72,5.51,3.66,10.72,-8.16,5.35
Feb-2015,4.40,5.70,5.10,4.70,5.17,4.67,5.81,3.10,9.20,-7.38,4.77
Mar-2015,4.20,5.50,5.00,4.60,5.06,4.59,5.67,2.70,8.14,-7.64,4.73
Apr-2015,4.10,5.20,4.70,4.30,5.01,4.61,5.53,2.64,8.32,-5.56,3.41
May-2015,4.00,5.00,4.60,4.20,4.96,4.60,5.42,2.28,8.16,-6.25,3.14
Jun-2015,4.40,5.40,5.00,4.70,5.03,4.60,5.57,3.38,8.29,-4.53,4.48
Jul-2015,4.60,5.60,5.10,4.90,5.29,4.74,5.99,3.48,8.15,-3.77,4.40
Aug-2015,5.00,5.70,5.10,4.90,5.51,4.90,6.28,4.09,9.38,-1.51,3.78
Sep-2015,4.60,5.40,4.90,4.90,5.36,4.91,5.94,3.43,8.13,-2.69,3.64
Oct-2015,4.00,5.10,4.80,4.80,5.29,4.87,5.82,1.83,3.88,-3.84,3.33
Nov-2015,3.90,4.90,4.70,4.70,5.22,4.79,5.77,1.79,4.46,-3.81,2.84
Dec-2015,4.40,4.70,4.70,4.70,5.24,4.72,5.90,2.92,4.61,1.16,2.71
Jan-2016,4.80,4.90,4.50,4.80,5.08,4.71,5.55,4.29,4.17,5.92,3.68
Feb-2016,4.70,4.90,4.60,5.00,5.05,4.81,5.35,4.14,3.76,4.16,4.34
Mar-2016,4.50,4.80,4.40,4.80,4.83,4.68,5.02,3.81,4.12,2.38,4.24
Apr-2016,4.20,4.60,4.20,4.60,4.68,4.45,4.98,3.35,2.65,2.73,4.03
May-2016,4.20,4.40,3.90,4.30,4.47,4.42,4.54,3.84,4.26,3.49,3.74
Jun-2016,4.20,4.10,3.80,4.20,4.35,4.34,4.36,3.97,5.37,2.86,3.64
Jul-2016,4.00,4.20,3.80,4.20,4.32,4.33,4.31,3.49,5.44,0.51,3.70
Aug-2016,3.40,3.90,3.50,3.90,4.05,4.15,3.93,2.20,4.07,-3.00,3.48
Sep-2016,3.10,3.40,3.10,3.40,3.62,4.00,3.15,2.19,4.08,-2.07,2.98
Oct-2016,2.80,3.00,2.70,3.20,3.22,3.81,2.47,2.21,2.19,0.11,3.18
Nov-2016,2.90,3.20,2.80,3.00,3.24,3.78,2.57,2.39,2.21,1.92,2.71
Dec-2016,2.70,2.90,2.50,2.80,3.09,3.85,2.15,2.04,0.93,2.92,2.33
Jan-2017,2.80,2.70,2.70,2.50,3.15,3.84,2.29,2.13,0.74,6.42,1.14
Feb-2017,2.70,2.30,2.50,2.20,3.09,3.80,2.19,2.14,2.62,5.62,0.37
Mar-2017,2.70,2.20,2.30,2.20,2.85,3.83,1.61,2.55,3.66,5.74,0.55
Apr-2017,2.70,2.20,2.20,2.10,2.72,3.80,1.37,2.53,4.37,4.09,0.77
May-2017,2.60,2.50,2.60,2.50,2.67,3.72,1.35,2.35,1.82,2.78,2.47
Jun-2017,1.70,2.00,2.00,1.80,2.56,3.68,1.15,0.20,-0.94,1.61,0.26
Jul-2017,1.70,2.00,2.00,2.00,2.35,3.69,0.67,0.55,-1.06,1.12,1.28
Aug-2017,1.90,1.90,1.90,1.80,2.23,3.62,0.48,1.19,-0.47,4.11,0.95
Sep-2017,1.50,1.70,1.80,1.80,2.19,3.54,0.47,0.18,-3.26,3.39,0.93
Oct-2017,1.90,2.10,2.20,1.90,2.37,3.58,0.84,1.02,-1.50,4.07,1.24
Nov-2017,1.90,1.80,1.90,1.80,2.11,3.50,0.36,1.56,0.02,3.95,1.44
Dec-2017,2.30,1.90,1.90,1.90,2.11,3.43,0.42,2.55,1.96,5.33,1.67
Jan-2018,2.20,1.80,1.70,1.60,2.06,3.32,0.45,2.42,4.62,2.96,0.88
Feb-2018,2.00,1.60,1.50,1.60,1.74,3.25,-0.17,2.42,3.53,3.26,1.39
Mar-2018,1.80,1.60,1.60,1.60,1.85,3.10,0.23,1.74,1.56,2.62,1.46
Apr-2018,1.90,1.70,1.60,1.60,1.77,3.08,0.08,2.10,1.75,3.25,1.79
May-2018,2.00,1.70,1.60,1.60,1.88,3.06,0.36,2.33,1.97,4.66,1.51
Jun-2018,2.50,1.90,1.90,1.90,1.98,3.17,0.44,3.55,3.66,6.15,2.31
Jul-2018,2.70,1.90,1.80,1.90,2.04,3.19,0.54,3.78,3.19,8.44,2.05
Aug-2018,2.60,2.00,1.80,1.90,2.16,3.23,0.78,3.46,2.05,8.93,1.86
Sep-2018,3.10,2.30,2.00,2.10,2.20,3.24,0.84,4.80,3.65,10.78,2.81
Oct-2018,2.90,1.90,1.80,2.10,2.13,3.30,0.61,4.28,3.85,8.40,2.68
Nov-2018,2.80,2.00,1.90,2.20,2.32,3.36,0.96,3.69,3.04,7.27,2.45
Dec-2018,2.60,2.10,2.10,2.30,2.27,3.33,0.89,3.07,2.29,4.05,3.09
Jan-2019,1.80,,,1.90,2.09,2.88,0.96,1.22,-0.57,2.58,1.70
Feb-2019,1.70,,,2.00,2.12,2.79,1.17,0.99,-1.06,0.83,2.27
Mar-2019,2.00,,,2.00,2.21,2.87,1.27,1.61,0.78,1.80,2.02
Apr-2019,2.00,,,1.90,2.30,2.93,1.38,1.43,0.61,2.73,1.37
May-2019,2.30,,,2.00,2.24,2.91,1.28,2.55,0.76,5.85,2.18
Jun-2019,2.30,,,2.10,2.19,2.73,1.41,2.53,1.27,3.67,2.77
Jul-2019,2.20,,,2.20,2.22,2.83,1.34,2.17,0.91,1.93,3.01
Aug-2019,2.30,,,2.40,2.21,2.78,1.40,2.48,1.63,1.01,3.63
Sep-2019,2.10,,,2.30,2.32,2.73,1.72,1.74,1.10,-0.84,3.27
Oct-2019,2.50,,,2.60,2.45,2.82,1.93,2.69,1.65,1.87,3.66
Nov-2019,2.70,,,2.50,2.39,2.65,2.01,3.29,3.73,1.87,3.67
Dec-2019,3.00,,,2.50,2.56,2.75,2.30,3.81,3.56,5.64,3.17
Jan-2020,3.50,,,2.50,2.38,2.55,2.12,5.53,5.81,8.61,4.04
Feb-2020,3.90,,,2.70,2.61,2.58,2.66,6.28,7.48,10.00,4.04
Mar-2020,3.70,,,2.50,2.63,2.31,3.09,5.84,6.74,9.90,3.61
Apr-2020,3.40,,,2.30,2.73,2.31,3.33,4.75,7.96,6.02,2.35
May-2020,2.80,,,2.10,2.55,2.08,3.24,3.12,8.63,-0.25,1.46
Jun-2020,2.60,,,2.00,2.47,2.09,3.02,2.93,8.82,-0.84,1.20
Jul-2020,2.50,,,1.80,2.49,1.75,3.58,2.52,9.08,-1.59,0.57
Aug-2020,2.40,,,1.90,2.59,1.96,3.51,2.17,8.65,-2.68,0.55
Sep-2020,3.10,,,2.20,2.90,2.05,4.15,3.42,11.54,-2.11,1.14
Oct-2020,3.00,,,2.40,3.19,2.19,4.64,2.54,10.78,-4.42,0.85
Nov-2020,2.70,,,2.30,3.16,2.33,4.35,1.94,8.96,-4.22,0.51
Dec-2020,3.00,,,2.60,3.27,2.28,4.71,2.43,10.04,-5.18,1.37
Jan-2021,3.10,,,2.60,3.55,2.36,5.27,2.32,10.37,-4.43,0.59
Feb-2021,2.80,,,2.40,3.19,2.21,4.61,2.21,8.67,-2.30,0.41
