Periodo,1.Estados Unidos,2.Reino Unido,3.Japón,4.Zora Euro,5.Corea del Sur,6.China,7.Malasia,8.Polonia,9.República Checa,10.Rusia,11.Tailandia,12.Argentina,13.Brasil,14.Colombia,15.México,16.Perú
Jan-1990,5.20,5.70,3.00,,7.30,4.30,,,,,5.91,,"2,426.12",26.69,22.48,
Feb-1990,5.30,5.90,3.60,,7.60,4.40,,,,,5.64,,"3,701.29",27.12,23.57,
Mar-1990,5.20,6.00,3.50,,8.00,3.40,,,,,6.02,,"6,390.53",27.63,24.40,
Apr-1990,4.70,6.40,2.50,,8.70,3.20,,,,,6.83,,"6,821.31",27.98,24.43,
May-1990,4.40,6.80,2.70,,8.60,2.70,,,,,6.60,,"6,214.99",28.24,24.89,
Jun-1990,4.70,6.90,2.20,,8.90,1.10,,,,,6.57,,"5,385.43",28.97,26.11,
Jul-1990,4.80,6.80,2.30,,9.40,1.10,,,,,5.30,,"4,749.03",28.72,27.13,
Aug-1990,5.60,7.70,2.90,,9.00,2.50,,,,,4.66,,"3,993.62",28.98,28.08,
Sep-1990,6.20,8.10,3.00,,8.60,2.90,,,,,4.44,,"3,304.71",30.24,28.68,
Oct-1990,6.30,8.10,3.50,,8.70,3.10,,,,,5.76,,"2,685.74",30.65,28.62,
Nov-1990,6.30,7.80,4.20,,8.60,3.70,,,,,6.53,,"2,101.34",30.97,30.21,
Dec-1990,6.10,7.60,3.80,,9.30,4.30,,,,,6.38,,"1,620.97",32.36,29.93,
Jan-1991,5.70,7.10,4.00,,9.20,2.20,,,,,6.14,,"1,140.27",31.98,27.11,
Feb-1991,5.30,7.00,3.60,,9.90,1.80,,,,,5.89,,752.02,31.65,26.46,
Mar-1991,4.90,6.90,3.60,,10.10,1.60,,,,,5.51,,422.84,31.18,26.04,
Apr-1991,4.90,8.40,3.40,,9.40,1.30,,,,,6.04,,375.18,31.16,25.45,
May-1991,5.00,8.20,3.40,,8.50,3.60,,,,,6.36,,374.48,31.49,24.51,
Jun-1991,4.70,8.40,3.40,,8.70,4.40,,,,,5.96,,372.10,31.00,23.10,
Jul-1991,4.40,8.30,3.50,,9.00,4.70,,,,,5.38,,369.96,31.60,21.97,
Aug-1991,3.80,7.90,3.30,,9.50,4.90,,,,,5.95,,381.41,31.20,20.76,
Sep-1991,3.40,7.10,2.70,,9.40,4.50,,,,,6.67,,386.55,30.01,20.25,
Oct-1991,2.90,6.80,2.70,,9.30,4.80,,,,,5.25,,411.52,29.25,19.92,
Nov-1991,3.00,7.10,3.10,,9.70,4.40,,,,,4.69,,448.31,28.22,19.72,
Dec-1991,3.10,7.20,2.70,,9.30,4.50,,,,,4.72,,472.70,26.82,18.79,
Jan-1992,2.60,7.00,1.80,,7.70,5.50,,39.00,,746.70,5.08,,497.32,27.43,17.95,
Feb-1992,2.80,6.90,2.00,,7.00,5.30,,41.30,,"1,014.90",4.50,,515.13,27.35,17.30,
Mar-1992,3.20,7.10,2.00,,6.80,5.30,,44.30,,"1,262.40",4.31,,567.21,27.08,16.82,
Apr-1992,3.20,4.70,2.40,,6.90,7.10,,46.50,,914.10,3.36,,662.16,27.15,16.64,
May-1992,3.00,4.30,2.00,,7.30,4.70,,46.40,,"1,001.70",4.22,,785.81,27.30,16.28,
Jun-1992,3.10,3.80,2.30,,6.80,4.80,,45.40,,"1,196.60",4.58,,857.68,28.13,15.85,
Jul-1992,3.20,3.60,1.70,,6.60,5.20,,44.30,,"1,325.50",5.13,,937.94,28.36,15.56,
Aug-1992,3.10,3.00,1.70,,5.90,5.80,,37.50,,"1,440.40",5.08,,996.37,27.70,15.46,
Sep-1992,3.00,3.00,2.00,,5.70,7.50,,39.70,,"1,598.80",3.98,,"1,081.70",26.92,15.32,
Oct-1992,3.20,2.90,1.10,,5.40,7.90,,39.70,,"1,917.30",3.46,,"1,130.94",26.32,14.82,
Nov-1992,3.00,2.60,0.70,,4.40,8.20,,38.10,,"2,235.90",2.94,,"1,104.20",25.70,12.96,
Dec-1992,2.90,2.60,1.20,,4.50,8.80,,35.80,,"2,508.80",3.11,,"1,119.10",25.13,11.94,
Jan-1993,3.30,2.20,1.30,,4.50,10.30,,34.30,21.20,850.50,2.94,,"1,161.79",24.82,11.32,
Feb-1993,3.20,2.40,1.40,,4.60,10.80,,34.80,21.90,758.90,3.28,,"1,168.49",24.71,10.91,
Mar-1993,3.10,2.50,1.20,,4.80,12.20,,34.40,21.90,694.10,3.46,,"1,229.71",24.18,10.44,
Apr-1993,3.20,2.50,0.90,,4.80,12.60,,31.00,21.80,674.50,4.12,,"1,316.42",23.08,10.09,
May-1993,3.20,2.50,0.90,,4.50,14.00,,29.80,21.80,717.40,2.54,,"1,348.52",22.21,10.00,
Jun-1993,3.00,2.40,0.90,,4.80,15.10,,33.00,21.80,722.90,2.53,,"1,467.33",21.38,9.87,
Jul-1993,2.80,2.60,1.90,,4.30,16.20,,37.60,21.30,810.60,3.20,,"1,581.70",20.46,9.70,
Aug-1993,2.80,2.90,1.90,,4.40,16.40,,32.40,21.40,956.50,2.50,,"1,730.67",21.07,9.62,
Sep-1993,2.70,3.10,1.50,,4.60,15.70,,29.90,20.90,"1,065.50",3.49,,"1,893.13",21.43,9.48,
Oct-1993,2.80,2.60,1.30,,5.10,15.90,,30.20,19.90,"1,033.20",3.49,,"2,031.27",21.69,9.14,
Nov-1993,2.70,2.30,0.90,,5.50,16.70,,31.20,17.90,946.00,3.68,,"2,258.68",22.37,8.72,
Dec-1993,2.70,2.40,1.00,,5.80,18.80,,31.20,18.20,839.90,4.37,,"2,477.15",22.60,8.01,
Jan-1994,2.50,2.70,1.20,,6.40,21.10,,32.70,9.70,780.90,4.69,,"2,693.84",22.50,7.50,35.48
Feb-1994,2.50,2.50,1.10,,6.80,23.20,,32.80,9.70,682.80,4.50,,"3,035.71",23.01,7.18,34.01
Mar-1994,2.50,2.20,1.30,,6.40,22.40,,32.20,9.40,600.10,5.16,,"3,417.39",23.41,7.10,31.55
Apr-1994,2.40,2.00,0.80,,5.90,21.70,,34.60,9.20,539.90,4.46,,"3,828.49",23.94,7.01,27.92
May-1994,2.30,2.00,0.80,,5.70,21.30,,36.10,9.30,479.20,5.28,,"4,331.19",23.86,6.92,25.05
Jun-1994,2.50,2.00,0.60,,5.90,22.60,,33.50,9.70,412.10,5.58,,"4,922.60",23.08,6.85,24.22
Jul-1994,2.80,1.70,-0.20,,6.90,24.00,,29.50,9.70,340.70,4.87,,"4,005.08",22.69,6.81,21.98
Aug-1994,2.90,1.90,0.00,,7.40,25.80,,32.30,10.20,265.90,5.19,,"3,044.89",22.35,6.74,20.79
Sep-1994,3.00,1.50,0.20,,6.50,27.30,,33.60,10.50,221.20,5.32,,"2,253.15",22.31,6.71,19.47
Oct-1994,2.60,1.50,0.70,,5.80,27.70,,33.10,10.70,209.10,5.63,,"1,703.17",22.37,6.83,18.04
Nov-1994,2.70,1.80,1.00,,6.10,27.50,,32.40,10.70,204.40,5.34,,"1,267.54",22.16,6.93,17.59
Dec-1994,2.70,2.00,0.70,,5.60,25.50,,32.30,10.20,215.10,4.67,,916.46,22.59,7.05,15.38
Jan-1995,2.80,2.40,0.60,,5.20,24.10,,30.30,8.90,214.20,4.95,,631.54,21.04,10.23,13.72
Feb-1995,2.90,2.40,0.20,,4.50,22.40,,27.60,9.50,215.60,4.93,,426.83,20.86,14.31,12.96
Mar-1995,2.90,2.60,-0.40,,4.60,21.30,,25.70,9.60,220.80,4.76,,274.78,21.33,20.43,11.91
Apr-1995,3.10,2.30,-0.20,,5.10,20.70,,24.20,10.20,219.60,5.22,,169.05,21.17,29.39,11.29
May-1995,3.20,2.50,0.00,,5.20,20.30,,22.40,10.20,223.30,5.47,,91.79,21.30,34.15,11.42
Jun-1995,3.00,2.60,0.30,,4.20,18.20,,22.00,10.00,224.50,5.46,,33.03,21.66,37.72,11.06
Jul-1995,2.80,2.70,0.10,,3.60,16.70,,21.60,9.70,225.30,5.60,,27.45,21.50,39.91,10.70
Aug-1995,2.60,2.60,-0.20,,3.40,14.50,,21.00,9.00,224.50,6.03,,26.36,21.09,41.57,10.16
Sep-1995,2.50,3.00,0.20,,4.70,13.20,,20.40,8.60,213.80,5.96,,25.69,20.79,43.48,10.03
Oct-1995,2.80,2.90,-0.60,,4.50,12.10,,20.40,8.10,186.10,6.56,,24.21,20.52,45.66,10.27
Nov-1995,2.60,2.80,-0.70,,4.10,11.20,,20.30,8.00,161.20,7.20,,22.59,20.13,48.46,10.30
Dec-1995,2.50,3.00,-0.30,,4.80,10.10,,19.80,7.90,131.50,7.53,,22.41,19.46,51.97,10.23
Jan-1996,2.70,2.60,-0.50,,4.80,9.00,,19.50,9.00,104.50,7.18,,21.97,20.24,51.72,11.18
Feb-1996,2.70,2.70,-0.40,,4.80,9.30,,20.40,8.60,89.40,7.46,,21.99,20.81,48.95,11.62
Mar-1996,2.80,2.60,-0.10,,4.40,9.80,,20.50,8.90,78.60,7.26,,20.55,20.20,43.75,11.63
Apr-1996,2.90,2.50,0.20,,4.50,9.70,,19.50,8.50,68.30,7.05,,19.17,19.90,36.93,11.50
May-1996,2.90,2.30,0.20,,4.90,8.90,,19.50,8.70,58.40,6.09,,17.49,19.78,33.83,11.39
Jun-1996,2.80,2.30,0.00,,5.20,8.60,,19.10,8.40,50.20,5.45,,16.26,19.70,31.82,11.01
Jul-1996,3.00,2.20,0.40,,5.40,8.30,,18.50,9.40,43.70,5.44,,14.84,20.57,31.03,11.89
Aug-1996,2.90,2.30,0.20,,5.30,8.10,,18.10,9.60,37.10,5.54,,14.21,21.13,30.60,11.77
Sep-1996,3.00,2.30,0.00,,4.50,7.40,,17.30,8.90,31.60,4.61,,13.26,21.55,30.00,11.69
Oct-1996,3.00,2.50,0.50,,5.00,7.00,,16.60,8.70,27.20,4.30,,12.02,21.87,28.97,11.94
Nov-1996,3.30,2.60,0.50,,5.30,6.90,,15.30,8.60,23.90,4.87,,10.75,21.88,27.77,11.09
Dec-1996,3.30,2.30,0.60,,4.90,7.00,,14.60,8.60,21.80,4.87,,9.56,21.63,27.70,11.84
Jan-1997,3.00,2.10,0.60,2.00,4.70,5.90,3.20,15.30,7.40,19.70,4.40,,9.39,20.62,26.44,11.00
Feb-1997,3.00,1.90,0.60,1.80,4.90,5.60,3.10,14.90,7.30,18.20,4.37,,8.82,19.58,25.64,9.42
Mar-1997,2.80,1.70,0.50,1.60,4.50,4.00,3.20,14.50,6.80,17.00,4.66,,8.99,18.93,24.46,9.30
Apr-1997,2.50,1.60,1.90,1.30,4.30,3.20,2.60,13.60,6.70,15.00,4.21,,8.58,18.52,22.33,8.78
May-1997,2.20,1.60,1.90,1.40,3.80,2.80,2.50,13.10,6.30,14.60,4.20,,7.71,18.60,21.23,8.81
Jun-1997,2.30,1.70,2.20,1.40,4.00,2.80,2.20,13.20,6.80,14.50,4.47,,7.02,18.67,20.35,9.48
Jul-1997,2.20,2.00,1.90,1.50,3.70,2.70,2.10,13.20,9.40,14.70,4.88,,6.08,17.88,19.70,8.89
Aug-1997,2.20,2.00,2.10,1.70,4.00,1.90,2.40,13.60,9.90,14.80,6.64,,5.59,17.93,19.18,8.14
Sep-1997,2.20,1.80,2.40,1.60,4.20,1.80,2.30,14.20,10.30,14.10,6.89,,5.50,18.01,18.76,8.11
Oct-1997,2.10,1.90,2.50,1.50,4.20,1.50,2.70,13.90,10.20,12.90,7.27,,5.42,17.80,18.24,7.48
Nov-1997,1.80,1.90,2.10,1.60,4.30,1.10,2.60,13.70,10.10,11.50,7.49,,5.27,17.81,17.77,7.06
Dec-1997,1.70,1.70,1.80,1.50,6.60,0.40,2.90,13.30,10.00,11.00,7.49,,5.22,17.68,15.72,6.46
Jan-1998,1.60,1.50,1.80,1.10,8.30,0.30,3.40,12.20,13.10,10.10,8.60,,4.73,17.84,15.27,6.91
Feb-1998,1.40,1.60,1.90,1.10,9.50,-0.10,4.40,11.90,13.40,9.40,8.81,,4.69,18.03,15.35,8.14
Mar-1998,1.40,1.70,2.20,1.10,9.00,0.70,5.10,11.30,13.40,8.50,9.30,,4.52,19.24,15.27,8.19
Apr-1998,1.40,1.80,0.40,1.40,8.80,-0.30,5.60,10.60,13.10,7.90,9.95,,3.85,20.74,15.10,8.43
May-1998,1.70,2.00,0.50,1.30,8.20,-1.00,5.40,9.90,13.00,7.50,10.33,,3.95,20.67,14.97,8.25
Jun-1998,1.70,1.70,0.10,1.30,7.50,-1.30,6.20,9.20,12.00,6.40,10.58,,3.41,20.69,15.31,7.66
Jul-1998,1.70,1.40,-0.10,1.30,7.30,-1.40,5.80,8.60,10.40,5.60,9.97,,3.06,20.27,15.41,7.44
Aug-1998,1.60,1.30,-0.30,1.10,6.90,-1.40,5.60,6.90,9.40,9.60,7.50,,2.55,18.94,15.50,7.48
Sep-1998,1.50,1.40,-0.20,1.00,6.90,-1.50,5.50,5.60,8.80,52.20,6.84,,2.27,17.80,15.92,6.59
Oct-1998,1.50,1.40,0.20,0.90,7.20,-1.10,5.20,6.20,8.20,58.80,5.75,,2.05,17.09,16.65,6.08
Nov-1998,1.50,1.40,0.80,0.80,6.80,-1.20,5.60,6.30,7.50,66.80,4.58,,1.76,16.35,17.41,6.03
Dec-1998,1.60,1.60,0.60,0.80,4.00,-1.00,5.30,6.40,6.80,84.40,4.32,,1.65,16.70,18.61,6.01
Jan-1999,1.70,1.60,0.20,0.80,1.50,-1.20,5.20,6.90,3.50,96.90,3.39,,1.65,17.18,19.01,5.07
Feb-1999,1.60,1.40,-0.10,0.70,0.20,-1.30,3.80,5.60,2.80,103.30,2.74,,2.24,15.38,18.54,4.11
Mar-1999,1.70,1.70,-0.40,0.90,0.50,-1.80,3.00,6.20,2.50,107.60,1.48,,3.02,13.51,18.26,3.39
Apr-1999,2.30,1.50,-0.10,1.10,0.40,-2.20,2.90,6.30,2.50,113.10,0.49,,3.35,11.17,18.23,3.37
May-1999,2.10,1.30,-0.40,0.90,0.80,-2.20,2.90,6.40,2.40,116.70,-0.61,,3.14,9.98,18.01,3.24
Jun-1999,2.00,1.30,-0.30,0.90,0.60,-2.10,2.10,6.50,2.20,120.70,-1.21,,3.32,8.96,17.39,2.88
Jul-1999,2.10,1.30,-0.10,1.00,0.30,-1.40,2.50,6.30,1.10,126.50,-1.08,,4.57,8.78,17.04,2.51
Aug-1999,2.30,1.20,0.30,1.10,0.90,-1.30,2.30,7.20,1.40,121.00,-0.96,,5.69,9.28,16.58,2.41
Sep-1999,2.60,1.20,-0.20,1.20,0.80,-0.80,2.10,8.00,1.20,62.00,-0.72,,6.25,9.33,15.83,3.44
Oct-1999,2.60,1.10,-0.70,1.30,1.20,-0.60,2.10,8.70,1.40,57.10,-0.47,,7.50,9.32,14.91,3.66
Nov-1999,2.60,1.20,-1.20,1.50,1.40,-0.90,1.60,9.20,1.90,50.50,0.00,,8.65,9.65,13.92,3.92
Dec-1999,2.70,1.10,-1.10,1.70,1.40,-1.00,2.50,9.80,2.50,36.50,0.60,,8.94,9.23,12.32,3.73
Jan-2000,2.70,0.80,-0.90,1.90,1.90,-0.20,1.60,10.10,3.40,28.90,0.60,,8.85,8.25,11.02,3.78
Feb-2000,3.20,0.90,-0.60,1.90,1.80,0.70,1.50,10.40,3.70,25.10,0.98,,7.86,8.89,10.52,3.95
Mar-2000,3.80,0.60,-0.50,2.00,2.10,-0.20,1.50,10.30,3.80,22.50,1.21,,6.92,9.73,10.11,3.88
Apr-2000,3.10,0.60,-0.80,1.70,1.40,-0.30,1.50,9.80,3.40,20.00,1.09,,6.77,9.96,9.73,3.80
May-2000,3.20,0.50,-0.70,1.80,1.10,0.10,1.30,10.00,3.70,19.40,1.71,,6.47,10.00,9.48,3.33
Jun-2000,3.70,0.80,-0.70,2.10,2.20,0.50,1.30,10.20,4.10,20.10,2.09,,6.51,9.68,9.41,3.21
Jul-2000,3.70,0.90,-0.50,2.10,3.00,0.50,1.40,11.60,3.90,18.90,1.96,,7.06,9.29,9.12,3.47
Aug-2000,3.40,0.60,-0.80,2.00,2.40,0.30,1.50,10.70,4.10,18.70,2.06,,7.86,9.10,9.10,3.78
Sep-2000,3.50,1.00,-0.80,2.40,3.50,0.00,1.50,10.30,4.10,18.50,2.43,,7.77,9.20,8.85,3.88
Oct-2000,3.40,1.00,-0.90,2.40,2.60,0.00,1.90,9.90,4.40,19.40,1.81,,6.65,8.99,8.91,4.25
Nov-2000,3.40,1.10,-0.50,2.50,2.20,1.30,1.90,9.30,4.30,19.80,1.81,,5.99,8.82,8.87,4.02
Dec-2000,3.40,0.80,-0.20,2.50,2.80,1.50,1.40,8.50,4.00,20.20,1.45,,5.97,8.75,8.96,3.73
Jan-2001,3.70,0.90,-0.30,2.00,3.40,1.20,1.50,7.40,4.20,20.70,1.32,,5.92,8.49,8.11,3.86
Feb-2001,3.50,0.80,-0.30,2.00,3.60,0.00,1.60,6.60,4.00,22.20,1.44,,6.27,8.06,7.09,3.61
Mar-2001,2.90,0.90,-0.70,2.20,4.00,0.80,1.50,6.20,4.10,23.70,1.44,,6.44,7.81,7.17,3.58
Apr-2001,3.30,1.20,-0.70,2.70,4.80,1.60,1.60,6.60,4.60,24.80,2.52,,6.61,7.98,7.11,2.62
May-2001,3.60,1.70,-0.70,3.10,5.30,1.70,1.60,6.90,5.00,24.80,2.76,,7.04,7.87,6.95,2.63
Jun-2001,3.20,1.70,-0.80,2.90,5.00,1.40,1.50,6.20,5.50,23.70,2.15,,7.35,7.93,6.57,2.51
Jul-2001,2.70,1.40,-0.80,2.50,4.80,1.50,1.40,5.20,5.90,22.10,2.03,,7.05,8.09,5.88,2.16
Aug-2001,2.70,1.80,-0.70,2.30,4.70,1.00,1.30,5.10,5.50,20.90,1.43,,6.41,8.03,5.93,1.37
Sep-2001,2.60,1.30,-0.80,2.20,3.30,-0.10,1.40,4.30,4.70,20.00,1.30,,6.46,7.97,6.14,0.87
Oct-2001,2.10,1.20,-0.80,2.20,3.40,0.20,0.90,4.00,4.40,18.80,1.32,,7.19,8.01,5.89,0.68
Nov-2001,1.90,0.80,-1.00,2.00,3.40,-0.30,1.50,3.60,4.20,18.60,0.96,,7.61,7.78,5.39,0.12
Dec-2001,1.60,1.10,-1.20,2.10,3.20,-0.30,1.20,3.60,4.10,18.60,0.72,,7.67,7.65,4.40,-0.13
Jan-2002,1.10,1.60,-1.40,2.60,2.60,-1.00,1.10,3.40,3.70,19.00,0.84,,7.62,7.37,4.79,-0.83
Feb-2002,1.10,1.50,-1.60,2.50,2.60,0.00,1.20,3.50,3.90,17.70,0.36,,7.51,6.70,4.79,-1.11
Mar-2002,1.50,1.50,-1.20,2.50,2.30,-0.80,2.10,3.30,3.70,16.80,0.60,,7.75,5.89,4.66,-1.08
Apr-2002,1.60,1.40,-1.10,2.40,2.50,-1.30,1.90,3.00,3.20,16.00,0.47,,7.98,5.65,4.70,0.05
May-2002,1.20,0.80,-0.90,2.10,3.00,-1.10,1.90,1.90,2.50,15.90,0.24,,7.77,5.84,4.68,0.17
Jun-2002,1.10,0.60,-0.70,1.90,2.60,-0.80,2.10,1.60,1.20,14.70,0.36,,7.66,6.25,4.94,0.00
Jul-2002,1.50,1.10,-0.80,2.00,2.10,-0.90,2.10,1.30,0.60,15.00,0.24,,7.51,6.16,5.51,-0.14
Aug-2002,1.80,1.00,-0.90,2.10,2.40,-0.70,2.10,1.20,0.60,15.10,0.36,,7.46,5.98,5.29,0.26
Sep-2002,1.50,1.00,-0.70,2.10,3.10,-0.70,2.10,1.30,0.80,14.90,0.47,,7.93,5.97,4.95,0.68
Oct-2002,2.00,1.40,-0.90,2.30,2.80,-0.80,2.10,1.10,0.60,14.80,1.53,,8.45,6.37,4.94,1.36
Nov-2002,2.20,1.50,-0.40,2.30,3.50,-0.70,1.60,0.90,0.50,15.10,1.30,,10.93,7.07,5.39,1.46
Dec-2002,2.40,1.70,-0.30,2.30,3.70,-0.40,1.70,0.80,0.60,15.10,1.66,,12.53,6.99,5.70,1.52
Jan-2003,2.60,1.30,-0.40,2.10,3.80,0.40,1.70,0.50,-0.40,14.30,2.24,,14.47,7.39,5.16,2.28
Feb-2003,3.00,1.60,-0.20,2.40,3.90,0.20,1.60,0.50,-0.40,14.80,2.00,,15.85,7.24,5.52,2.80
Mar-2003,3.00,1.50,-0.10,2.40,4.50,0.90,0.70,0.60,-0.40,14.80,1.75,,16.57,7.60,5.64,3.39
Apr-2003,2.20,1.40,-0.10,2.10,3.70,1.00,1.00,0.30,-0.10,14.60,1.52,,16.77,7.85,5.25,2.59
May-2003,2.10,1.30,-0.20,1.80,3.20,0.70,1.00,0.40,0.00,13.60,1.87,,17.24,7.73,4.70,2.42
Jun-2003,2.10,1.10,-0.40,2.00,3.00,0.30,0.80,0.80,0.30,13.90,1.64,,16.57,7.21,4.27,2.17
Jul-2003,2.10,1.30,-0.20,1.90,3.20,0.50,1.00,0.80,-0.10,13.90,1.76,,15.43,7.04,4.13,1.98
Aug-2003,2.20,1.40,-0.30,2.00,3.00,0.90,1.00,0.70,-0.10,13.30,2.23,,15.07,7.26,4.04,1.89
Sep-2003,2.30,1.40,-0.20,2.10,3.30,1.10,1.10,0.90,0.00,13.30,1.75,,15.14,7.11,4.04,1.98
Oct-2003,2.00,1.40,0.00,2.00,3.70,1.80,1.30,1.30,0.40,13.20,1.27,,13.98,6.58,3.96,1.30
Nov-2003,1.80,1.30,-0.50,2.20,3.40,3.00,1.10,1.60,1.00,12.50,1.87,,11.02,6.13,3.98,1.88
Dec-2003,1.90,1.30,-0.40,2.00,3.40,3.20,1.20,1.70,1.00,12.00,1.75,,9.30,6.49,3.98,2.48
Jan-2004,1.90,1.40,-0.30,1.80,3.40,3.20,1.00,1.60,2.30,11.30,1.27,,7.71,6.19,4.20,2.80
Feb-2004,1.70,1.30,0.00,1.60,3.30,2.10,0.90,1.60,2.30,10.60,2.20,,6.69,6.28,4.53,3.43
Mar-2004,1.70,1.10,-0.10,1.70,3.10,3.00,1.00,1.70,2.50,10.30,2.44,,5.89,6.21,4.23,2.76
Apr-2004,2.30,1.10,-0.40,2.10,3.30,3.80,1.00,2.20,2.30,10.20,2.53,,5.26,5.49,4.21,2.78
May-2004,3.10,1.50,-0.50,2.50,3.30,4.40,1.20,3.40,2.70,10.20,2.40,,5.15,5.37,4.29,3.18
Jun-2004,3.30,1.60,0.00,2.40,3.60,5.00,1.30,4.40,2.90,10.10,3.11,,6.06,6.07,4.37,4.26
Jul-2004,3.00,1.40,-0.10,2.30,4.40,5.30,1.30,4.60,3.20,10.40,3.23,,6.81,6.19,4.49,4.61
Aug-2004,2.70,1.30,-0.20,2.40,4.80,5.30,1.40,4.60,3.40,11.30,3.09,,7.18,5.89,4.82,4.59
Sep-2004,2.50,1.10,0.00,2.10,3.90,5.20,1.60,4.40,3.00,11.40,3.55,,6.70,5.97,5.06,4.03
Oct-2004,3.20,1.20,0.50,2.40,3.80,4.30,2.10,4.50,3.50,11.50,3.43,,6.86,5.90,5.40,3.95
Nov-2004,3.50,1.50,0.80,2.20,3.30,2.80,2.20,4.50,2.90,11.70,2.97,,7.24,5.82,5.43,4.07
Dec-2004,3.30,1.70,0.20,2.30,3.00,2.40,2.10,4.40,2.80,11.70,2.97,,7.60,5.50,5.19,3.48
Jan-2005,3.00,1.60,-0.10,1.90,3.40,1.90,2.40,3.70,1.70,12.70,2.75,,7.41,5.43,4.54,3.03
Feb-2005,3.00,1.70,-0.30,2.10,3.40,3.90,2.40,3.60,1.70,13.00,2.48,,7.39,5.25,4.27,1.68
Mar-2005,3.10,1.90,-0.20,2.20,3.00,2.70,2.60,3.40,1.50,13.60,3.16,,7.54,5.03,4.39,1.88
Apr-2005,3.50,1.90,0.00,2.10,3.10,1.80,2.70,3.00,1.60,13.80,3.49,,8.07,5.01,4.60,2.02
May-2005,2.80,1.90,0.20,2.00,3.10,1.80,3.10,2.50,1.30,13.80,3.82,,8.05,5.04,4.60,1.79
Jun-2005,2.50,2.00,-0.50,2.00,2.80,1.60,3.20,1.40,1.80,13.70,3.79,,7.27,4.83,4.33,1.49
Jul-2005,3.20,2.30,-0.30,2.10,2.60,1.80,3.00,1.30,1.70,13.20,5.35,,6.57,4.91,4.47,1.40
Aug-2005,3.60,2.40,-0.30,2.20,2.00,1.30,3.70,1.60,1.70,12.50,5.55,,6.02,4.88,3.95,1.22
Sep-2005,4.70,2.50,-0.30,2.60,2.50,0.90,3.40,1.80,2.20,12.30,5.98,,6.04,5.02,3.51,1.11
Oct-2005,4.30,2.30,-0.70,2.50,2.30,1.20,3.30,1.60,2.60,11.70,6.32,,6.36,5.27,3.05,1.28
Nov-2005,3.50,2.10,-0.80,2.30,2.50,1.30,3.50,1.00,2.40,11.30,5.89,,6.22,5.10,2.91,1.06
Dec-2005,3.40,1.90,-0.10,2.30,2.60,1.60,3.50,0.70,2.20,10.90,5.78,,5.69,4.85,3.33,1.49
Jan-2006,4.00,1.90,-0.10,2.40,2.20,1.90,3.20,0.60,2.90,10.70,5.88,,5.70,4.56,3.94,1.90
Feb-2006,3.60,2.00,-0.10,2.40,2.00,0.90,3.20,0.70,2.80,11.20,5.52,,5.51,4.19,3.75,2.70
Mar-2006,3.40,1.80,-0.20,2.20,2.00,0.80,4.80,0.40,2.80,10.60,5.69,,5.32,4.11,3.41,2.50
Apr-2006,3.50,2.00,-0.10,2.40,2.00,1.20,4.60,0.70,2.80,9.80,6.08,,4.63,4.12,3.20,2.90
May-2006,4.20,2.20,0.10,2.50,2.30,1.40,3.90,0.90,3.10,9.40,6.14,,4.23,4.04,3.00,2.23
Jun-2006,4.30,2.50,0.50,2.50,2.40,1.50,3.90,0.80,2.80,9.00,5.92,,4.03,3.94,3.18,1.83
Jul-2006,4.10,2.40,0.30,2.40,2.40,1.00,4.10,1.10,2.90,9.30,4.45,,3.97,4.32,3.06,1.55
Aug-2006,3.80,2.50,0.90,2.30,2.70,1.30,3.30,1.60,3.10,9.60,3.79,,3.84,4.72,3.47,1.87
Sep-2006,2.10,2.40,0.60,1.80,2.50,1.50,3.30,1.60,2.70,9.50,2.72,,3.70,4.58,4.09,1.99
Oct-2006,1.30,2.40,0.40,1.60,2.20,1.40,3.10,1.20,1.30,9.20,2.81,,3.26,4.19,4.29,1.89
Nov-2006,2.00,2.70,0.30,1.80,2.10,1.90,3.00,1.40,1.50,9.00,3.46,,3.02,4.31,4.09,1.54
Dec-2006,2.50,3.00,0.30,1.90,2.10,2.80,3.10,1.40,1.70,9.00,3.57,,3.14,4.48,4.05,1.14
Jan-2007,2.10,2.70,0.00,1.80,1.70,2.20,3.20,1.60,1.30,8.20,3.02,,2.99,4.71,3.98,0.64
Feb-2007,2.40,2.80,-0.20,1.80,2.20,2.70,3.10,1.90,1.50,7.60,2.46,,3.02,5.25,4.11,0.36
Mar-2007,2.80,3.10,-0.10,1.90,2.20,3.30,1.50,2.50,1.90,7.40,1.97,,2.96,5.78,4.21,0.25
Apr-2007,2.60,2.80,0.00,1.90,2.40,3.00,1.50,2.30,2.50,7.60,1.86,,3.00,6.26,3.99,-0.08
May-2007,2.70,2.50,0.00,1.90,2.30,3.40,1.40,2.30,2.40,7.80,1.94,,3.18,6.23,3.95,0.94
Jun-2007,2.70,2.40,-0.20,1.90,2.50,4.40,1.40,2.60,2.50,8.50,1.94,,3.69,6.03,3.98,1.55
Jul-2007,2.40,1.90,0.00,1.80,2.50,5.60,1.60,2.30,2.30,8.70,1.73,,3.74,5.77,4.14,2.21
Aug-2007,2.00,1.80,-0.20,1.70,2.00,6.50,1.90,1.50,2.40,8.60,1.16,,4.18,5.22,4.03,2.20
Sep-2007,2.80,1.80,-0.20,2.10,2.30,6.20,1.80,2.30,2.80,9.40,2.04,,4.15,5.01,3.79,2.80
Oct-2007,3.50,2.10,0.30,2.50,3.00,6.50,1.90,3.00,4.00,10.80,2.53,,4.12,5.16,3.74,3.08
Nov-2007,4.30,2.10,0.60,3.10,3.50,6.90,2.30,3.60,5.00,11.50,3.09,,4.19,5.41,3.93,3.49
Dec-2007,4.10,2.10,0.70,3.10,3.60,6.50,2.40,4.00,5.40,11.90,3.09,,4.46,5.69,3.76,3.93
Jan-2008,4.30,2.20,0.70,3.20,3.90,7.10,2.30,4.00,7.50,12.60,4.33,,4.56,6.00,3.70,4.15
Feb-2008,4.00,2.50,1.00,3.30,3.60,8.70,2.70,4.20,7.50,12.70,5.38,,4.61,6.35,3.72,4.82
Mar-2008,4.00,2.50,1.20,3.60,3.90,8.30,2.80,4.10,7.10,13.30,5.35,,4.73,5.93,4.25,5.55
Apr-2008,3.90,3.00,0.80,3.30,4.10,8.50,3.00,4.00,6.80,14.30,6.08,,5.04,5.73,4.55,5.52
May-2008,4.20,3.30,1.30,3.70,4.90,7.70,3.80,4.40,6.80,15.10,7.60,,5.58,6.39,4.95,5.39
Jun-2008,5.00,3.80,2.00,3.90,5.50,7.10,7.70,4.60,6.70,15.10,8.72,,6.06,7.18,5.26,5.71
Jul-2008,5.60,4.40,2.30,4.10,5.90,6.30,8.50,4.80,6.90,14.70,9.16,,6.37,7.52,5.39,5.79
Aug-2008,5.40,4.70,2.10,3.80,5.60,4.90,8.50,4.80,6.50,15.00,6.52,,6.17,7.87,5.57,6.27
Sep-2008,4.90,5.20,2.10,3.60,5.10,4.60,8.20,4.50,6.60,15.00,6.03,,6.25,7.57,5.47,6.22
Oct-2008,3.70,4.50,1.70,3.20,4.80,4.00,7.60,4.20,6.00,14.20,3.88,,6.41,7.94,5.78,6.54
Nov-2008,1.10,4.10,1.00,2.10,4.50,2.40,5.70,3.70,4.40,13.80,2.09,,6.39,7.73,6.23,6.75
Dec-2008,0.10,3.10,0.40,1.60,4.10,1.20,4.40,3.30,3.60,13.30,0.44,,5.90,7.67,6.53,6.65
Jan-2009,0.00,3.00,0.00,1.10,3.70,1.00,3.90,2.80,2.20,13.40,-0.44,,5.84,7.18,6.28,6.53
Feb-2009,0.20,3.20,-0.10,1.20,4.10,-1.60,3.70,3.30,2.00,13.90,-0.11,,5.90,6.47,6.20,5.49
Mar-2009,-0.40,2.90,-0.30,0.60,3.90,-1.20,3.50,3.60,2.30,14.00,-0.22,,5.61,6.14,6.04,4.78
Apr-2009,-0.70,2.30,-0.10,0.60,3.60,-1.50,3.00,4.00,1.80,13.20,-0.96,,5.53,5.73,6.17,4.64
May-2009,-1.30,2.20,-1.10,0.00,2.70,-1.40,2.40,3.60,1.30,12.30,-3.32,,5.20,4.77,5.98,4.21
Jun-2009,-1.40,1.80,-1.80,-0.10,2.00,-1.70,-1.40,3.50,1.20,11.90,-4.01,,4.80,3.81,5.74,3.06
Jul-2009,-2.10,1.80,-2.20,-0.60,1.60,-1.80,-2.40,3.60,0.30,12.00,-4.40,,4.50,3.28,5.44,2.68
Aug-2009,-1.50,1.60,-2.20,-0.20,2.20,-1.20,-2.40,3.70,0.20,11.60,-1.05,,4.36,3.13,5.08,1.87
Sep-2009,-1.30,1.10,-2.20,-0.30,2.20,-0.80,-2.00,3.40,0.00,10.70,-0.95,,4.34,3.21,4.89,1.20
Oct-2009,-0.20,1.50,-2.50,-0.10,2.00,-0.50,-1.50,3.10,-0.20,9.70,0.32,,4.17,2.72,4.50,0.71
Nov-2009,1.80,1.90,-1.90,0.50,2.40,0.60,-0.10,3.30,0.50,9.10,1.94,,4.22,2.37,3.86,0.29
Dec-2009,2.70,2.90,-1.70,0.90,2.80,1.90,1.10,3.50,1.00,8.80,3.51,,4.31,2.00,3.57,0.25
Jan-2010,2.60,3.50,-1.30,0.90,3.50,1.50,1.30,3.50,0.70,8.00,4.11,,4.59,2.10,4.46,0.44
Feb-2010,2.10,3.00,-1.10,0.80,3.00,2.70,1.20,2.90,0.60,7.20,3.66,,4.83,2.09,4.83,0.84
Mar-2010,2.30,3.40,-1.10,1.60,2.50,2.40,1.30,2.60,0.70,6.50,3.45,,5.17,1.84,4.97,0.76
Apr-2010,2.20,3.70,-1.20,1.60,2.60,2.80,1.50,2.40,1.10,6.00,2.96,,5.26,1.98,4.27,0.76
May-2010,2.00,3.40,-0.90,1.70,2.70,3.10,1.60,2.20,1.20,6.00,3.38,,5.22,2.07,3.92,1.04
Jun-2010,1.10,3.20,-0.70,1.50,2.70,2.90,1.70,2.30,1.20,5.80,3.32,,4.84,2.25,3.69,1.64
Jul-2010,1.20,3.10,-0.90,1.70,2.50,3.30,1.90,2.00,1.90,5.50,3.48,,4.60,2.24,3.64,1.82
Aug-2010,1.10,3.10,-0.90,1.60,2.70,3.50,2.10,2.00,1.90,6.10,3.28,,4.49,2.31,3.68,2.31
Sep-2010,1.10,3.10,-0.60,1.90,3.40,3.60,1.80,2.50,2.00,7.00,2.99,,4.70,2.28,3.70,2.37
Oct-2010,1.20,3.20,0.20,1.90,3.70,4.40,2.00,2.80,2.00,7.50,2.90,,5.20,2.33,4.02,2.10
Nov-2010,1.10,3.30,0.10,1.90,3.00,5.10,2.00,2.70,2.00,8.10,2.80,,5.63,2.59,4.32,2.22
Dec-2010,1.50,3.70,0.00,2.20,3.00,4.60,2.20,3.10,2.30,8.80,3.06,,5.91,3.17,4.40,2.08
Jan-2011,1.60,4.00,-0.60,2.30,3.40,4.90,2.40,3.60,1.70,9.60,3.04,,5.99,3.40,3.78,2.17
Feb-2011,2.10,4.40,-0.50,2.40,3.90,4.90,2.90,3.60,1.80,9.50,2.87,,6.01,3.17,3.57,2.23
Mar-2011,2.70,4.00,-0.50,2.70,4.10,5.40,3.00,4.30,1.70,9.50,3.14,,6.30,3.19,3.04,2.66
Apr-2011,3.20,4.50,-0.40,2.80,3.80,5.30,3.20,4.50,1.60,9.60,4.05,,6.51,2.84,3.36,3.34
May-2011,3.60,4.50,-0.40,2.70,3.90,5.50,3.30,5.00,2.00,9.60,4.20,,6.55,3.02,3.25,3.07
Jun-2011,3.60,4.20,-0.40,2.70,4.20,6.40,3.50,4.20,1.80,9.40,4.06,,6.71,3.23,3.28,2.91
Jul-2011,3.60,4.40,0.20,2.60,4.50,6.50,3.40,4.10,1.70,9.00,4.09,,6.87,3.42,3.55,3.35
Aug-2011,3.80,4.50,0.20,2.50,4.70,6.20,3.30,4.30,1.70,8.20,4.29,,7.23,3.27,3.42,3.35
Sep-2011,3.90,5.20,0.00,3.00,3.80,6.10,3.40,3.90,1.80,7.20,4.02,,7.31,3.73,3.14,3.73
Oct-2011,3.50,5.00,-0.20,3.00,3.60,5.50,3.40,4.30,2.30,7.20,4.19,,6.97,4.02,3.20,4.20
Nov-2011,3.40,4.80,-0.50,3.00,4.20,4.20,3.30,4.80,2.50,6.80,4.19,,6.64,3.96,3.48,4.64
Dec-2011,3.00,4.20,-0.20,2.80,4.20,4.10,3.00,4.60,2.40,6.10,3.53,,6.50,3.73,3.82,4.74
Jan-2012,2.90,3.60,0.10,2.70,3.30,4.50,2.70,4.10,3.50,4.20,3.38,,6.22,3.54,4.05,4.23
Feb-2012,2.90,3.40,0.30,2.70,3.00,3.20,2.20,4.30,3.70,3.70,3.34,,5.84,3.55,3.87,4.17
Mar-2012,2.70,3.50,0.50,2.70,2.70,3.60,2.10,3.90,3.80,3.70,3.45,,5.24,3.40,3.73,4.23
Apr-2012,2.30,3.00,0.40,2.60,2.60,3.40,1.90,4.00,3.50,3.60,2.47,,5.10,3.43,3.41,4.08
May-2012,1.70,2.80,0.20,2.40,2.50,3.00,1.70,3.60,3.20,3.60,2.52,,4.99,3.44,3.85,4.14
Jun-2012,1.70,2.40,-0.20,2.40,2.20,2.20,1.60,4.30,3.50,4.30,2.56,,4.92,3.20,4.34,4.00
Jul-2012,1.40,2.60,-0.40,2.40,1.50,1.80,1.40,4.00,3.10,5.60,2.73,,5.20,3.03,4.42,3.28
Aug-2012,1.70,2.50,-0.40,2.60,1.30,2.00,1.40,3.80,3.30,5.90,2.69,,5.24,3.11,4.57,3.53
Sep-2012,2.00,2.20,-0.30,2.60,2.10,1.90,1.30,3.80,3.40,6.60,3.38,,5.28,3.08,4.77,3.74
Oct-2012,2.20,2.70,-0.40,2.50,2.10,1.70,1.30,3.40,3.40,6.50,3.32,,5.45,3.06,4.60,3.25
Nov-2012,1.80,2.70,-0.20,2.20,1.60,2.00,1.30,2.80,2.70,6.50,2.73,,5.53,2.77,4.18,2.66
Dec-2012,1.70,2.70,-0.10,2.20,1.40,2.50,1.20,2.40,2.40,6.60,3.63,,5.84,2.44,3.57,2.65
Jan-2013,1.60,2.70,-0.30,2.00,1.60,2.00,1.30,1.70,1.90,7.10,3.39,,6.15,2.00,3.25,2.87
Feb-2013,2.00,2.80,-0.70,1.90,1.60,3.20,1.50,1.30,1.70,7.30,3.23,,6.31,1.83,3.55,2.45
Mar-2013,1.50,2.80,-0.90,1.70,1.50,2.10,1.60,1.00,1.70,7.00,2.69,,6.59,1.91,4.25,2.59
Apr-2013,1.10,2.40,-0.70,1.20,1.30,2.40,1.70,0.80,1.70,7.20,2.42,,6.49,2.02,4.65,2.31
May-2013,1.40,2.70,-0.30,1.40,1.10,2.10,1.80,0.50,1.30,7.40,2.27,,6.50,2.00,4.63,2.46
Jun-2013,1.80,2.90,0.20,1.60,1.20,2.70,1.80,0.20,1.60,6.90,2.25,,6.70,2.16,4.09,2.77
Jul-2013,2.00,2.80,0.70,1.60,1.60,2.70,2.00,1.10,1.40,6.50,2.00,,6.27,2.22,3.47,3.24
Aug-2013,1.50,2.70,0.90,1.30,1.50,2.60,1.90,1.10,1.30,6.50,1.59,,6.09,2.27,3.46,3.28
Sep-2013,1.20,2.70,1.10,1.10,1.00,3.10,2.60,1.00,1.00,6.10,1.42,,5.86,2.27,3.39,2.83
Oct-2013,1.00,2.20,1.10,0.70,0.90,3.20,2.80,0.80,0.90,6.30,1.46,,5.84,1.84,3.36,3.04
Nov-2013,1.20,2.10,1.50,0.90,1.20,3.00,2.90,0.60,1.10,6.50,1.92,,5.77,1.76,3.62,2.96
Dec-2013,1.50,2.00,1.60,0.80,1.10,2.50,3.20,0.70,1.40,6.50,1.67,,5.91,1.94,3.97,2.86
Jan-2014,1.60,1.90,1.40,0.80,1.10,2.50,3.40,0.50,0.20,6.10,1.93,,5.59,2.13,4.48,3.07
Feb-2014,1.10,1.70,1.50,0.70,1.00,2.00,3.50,0.70,0.20,6.20,1.96,,5.68,2.32,4.23,3.78
Mar-2014,1.50,1.60,1.60,0.50,1.30,2.40,3.50,0.70,0.20,6.90,2.11,,6.15,2.51,3.76,3.38
Apr-2014,2.00,1.80,3.40,0.70,1.50,1.80,3.40,0.30,0.10,7.30,2.45,,6.28,2.72,3.50,3.52
May-2014,2.10,1.50,3.70,0.50,1.70,2.50,3.20,0.20,0.40,7.60,2.62,,6.37,2.93,3.51,3.56
Jun-2014,2.10,1.90,3.60,0.50,1.70,2.30,3.30,0.30,0.00,7.80,2.35,,6.52,2.79,3.75,3.45
Jul-2014,2.00,1.60,3.40,0.40,1.60,2.30,3.20,-0.20,0.50,7.50,2.16,,6.50,2.89,4.07,3.33
Aug-2014,1.70,1.50,3.30,0.40,1.40,2.00,3.30,-0.30,0.60,7.60,2.09,,6.51,3.02,4.15,2.69
Sep-2014,1.70,1.20,3.20,0.30,1.10,1.60,2.60,-0.30,0.70,8.00,1.75,,6.75,2.86,4.22,2.74
Oct-2014,1.70,1.30,2.90,0.40,1.10,1.60,2.80,-0.60,0.70,8.30,1.48,,6.59,3.29,4.30,3.09
Nov-2014,1.30,1.00,2.40,0.30,1.00,1.40,3.00,-0.60,0.60,9.10,1.26,,6.56,3.65,4.17,3.16
Dec-2014,0.80,0.50,2.40,-0.20,0.80,1.50,2.70,-1.00,0.10,11.40,0.60,,6.41,3.66,4.08,3.22
Jan-2015,-0.10,0.30,2.40,-0.60,1.00,0.80,1.00,-1.40,0.10,15.00,-0.41,,7.14,3.82,3.07,3.07
Feb-2015,0.00,0.00,2.20,-0.30,0.60,1.40,0.10,-1.60,0.10,16.70,-0.52,,7.70,4.36,3.00,2.77
Mar-2015,-0.10,0.00,2.30,-0.10,0.50,1.40,0.90,-1.50,0.20,16.90,-0.57,,8.13,4.56,3.14,3.02
Apr-2015,-0.20,-0.10,0.60,0.20,0.40,1.50,1.80,-1.10,0.50,16.40,-1.04,,8.17,4.64,3.06,3.02
May-2015,0.00,0.10,0.50,0.60,0.60,1.20,2.10,-0.90,0.70,15.80,-1.27,,8.47,4.41,2.88,3.37
Jun-2015,0.10,0.00,0.40,0.50,0.70,1.40,2.50,-0.80,0.80,15.30,-1.07,,8.89,4.42,2.87,3.54
Jul-2015,0.20,0.10,0.20,0.50,0.70,1.60,3.30,-0.70,0.50,15.60,-1.05,,9.56,4.46,2.74,3.56
Aug-2015,0.20,0.00,0.20,0.40,0.70,2.00,3.10,-0.60,0.30,15.80,-1.19,,9.53,4.74,2.59,4.04
Sep-2015,0.00,-0.10,0.00,0.20,0.50,1.60,2.60,-0.80,0.40,15.70,-1.07,,9.49,5.35,2.52,3.90
Oct-2015,0.20,-0.10,0.30,0.40,0.80,1.30,2.50,-0.70,0.20,15.60,-0.77,,9.93,5.89,2.48,3.66
Nov-2015,0.50,0.10,0.30,0.10,0.80,1.50,2.60,-0.60,0.10,15.00,-0.97,,10.48,6.39,2.21,4.17
Dec-2015,0.70,0.20,0.20,0.30,1.10,1.60,2.70,-0.50,0.10,12.90,-0.85,,10.67,6.77,2.13,4.40
Jan-2016,1.40,0.30,-0.10,0.30,0.60,1.80,3.50,-0.90,0.60,9.80,-0.53,,10.71,7.45,2.61,4.61
Feb-2016,1.00,0.30,0.20,-0.10,1.10,2.30,4.20,-0.80,0.50,8.10,-0.50,,10.36,7.59,2.87,4.47
Mar-2016,0.90,0.50,0.00,0.00,0.80,2.30,2.60,-0.90,0.30,7.30,-0.46,,9.39,7.98,2.60,4.30
Apr-2016,1.10,0.30,-0.30,-0.30,1.00,2.30,2.10,-1.10,0.60,7.30,0.07,,9.28,7.93,2.54,3.91
May-2016,1.00,0.30,-0.50,-0.10,0.80,2.00,2.00,-0.90,0.10,7.30,0.46,,9.32,8.20,2.60,3.54
Jun-2016,1.00,0.50,-0.40,0.00,0.70,1.90,1.60,-0.80,0.10,7.50,0.38,,8.84,8.60,2.54,3.34
Jul-2016,0.80,0.60,-0.40,0.20,0.40,1.80,1.10,-0.90,0.50,7.20,0.10,,8.74,8.97,2.65,2.96
Aug-2016,1.10,0.60,-0.50,0.20,0.50,1.30,1.50,-0.80,0.60,6.90,0.29,,8.97,8.10,2.73,2.94
Sep-2016,1.50,1.00,-0.50,0.40,1.30,1.90,1.50,-0.50,0.50,6.40,0.38,,8.48,7.27,2.97,3.13
Oct-2016,1.60,0.90,0.10,0.50,1.50,2.10,1.40,-0.20,0.80,6.10,0.34,,7.87,6.48,3.06,3.41
Nov-2016,1.70,1.20,0.50,0.60,1.50,2.30,1.70,0.00,1.50,5.80,0.60,,6.99,5.96,3.31,3.35
Dec-2016,2.10,1.60,0.30,1.10,1.30,2.10,1.70,0.80,2.00,5.40,1.13,,6.29,5.75,3.36,3.23
Jan-2017,2.50,1.80,0.40,1.70,2.20,2.50,3.10,1.70,2.20,5.00,1.55,,5.35,5.47,4.72,3.10
Feb-2017,2.70,2.30,0.30,2.00,2.10,0.80,4.50,2.20,2.50,4.60,1.44,,4.76,5.18,4.86,3.25
Mar-2017,2.40,2.30,0.20,1.50,2.30,0.90,4.90,2.00,2.60,4.30,0.76,,4.57,4.69,5.35,3.97
Apr-2017,2.20,2.70,0.40,1.90,2.00,1.20,4.30,2.00,2.00,4.10,0.38,,4.08,4.66,5.82,3.69
May-2017,1.90,2.90,0.40,1.40,2.00,1.50,3.80,1.90,2.40,4.10,-0.04,,3.60,4.37,6.16,3.04
Jun-2017,1.60,2.60,0.40,1.30,1.80,1.50,3.40,1.50,2.30,4.40,-0.05,,3.00,3.99,6.31,2.73
Jul-2017,1.70,2.60,0.40,1.30,2.20,1.40,3.10,1.70,2.50,3.90,0.17,,2.71,3.40,6.44,2.85
Aug-2017,1.90,2.90,0.70,1.50,2.50,1.80,3.60,1.80,2.50,3.30,0.32,,2.46,3.87,6.66,3.17
Sep-2017,2.20,3.00,0.70,1.60,2.00,1.60,4.20,2.20,2.70,3.00,0.86,,2.54,3.97,6.35,2.94
Oct-2017,2.00,3.00,0.20,1.40,1.80,1.90,3.70,2.10,2.90,2.70,0.86,,2.70,4.05,6.37,2.04
Nov-2017,2.20,3.10,0.60,1.50,1.20,1.70,3.40,2.50,2.60,2.50,0.99,,2.80,4.12,6.63,1.54
Dec-2017,2.10,3.00,1.00,1.30,1.40,1.80,3.50,2.10,2.40,2.50,0.78,24.80,2.95,4.09,6.77,1.36
Jan-2018,2.10,3.00,1.40,1.30,0.80,1.50,2.70,1.90,2.20,2.20,0.68,25.01,2.86,3.68,5.55,1.25
Feb-2018,2.20,2.70,1.50,1.10,1.30,2.90,1.40,1.40,1.80,2.20,0.42,25.44,2.84,3.37,5.34,1.18
Mar-2018,2.40,2.50,1.10,1.40,1.20,2.10,1.30,1.30,1.70,2.40,0.79,25.40,2.68,3.14,5.04,0.36
Apr-2018,2.50,2.40,0.60,1.20,1.50,1.80,1.40,1.60,1.90,2.40,1.07,25.50,2.76,3.13,4.55,0.48
May-2018,2.80,2.40,0.70,2.00,1.50,1.80,1.80,1.70,2.20,2.40,1.49,26.29,2.86,3.16,4.51,0.93
Jun-2018,2.90,2.40,0.70,2.00,1.50,1.90,0.80,2.00,2.60,2.30,1.39,29.47,4.39,3.20,4.65,1.43
Jul-2018,2.90,2.50,0.90,2.20,1.10,2.10,0.90,2.00,2.30,2.50,1.47,31.21,4.48,3.12,4.81,1.62
Aug-2018,2.70,2.70,1.30,2.10,1.40,2.30,0.20,2.00,2.50,3.10,1.62,34.43,4.19,3.10,4.90,1.07
Sep-2018,2.30,2.40,1.20,2.10,2.10,2.50,0.30,1.90,2.30,3.40,1.33,40.54,4.53,3.23,5.02,1.28
Oct-2018,2.50,2.40,1.40,2.30,2.00,2.50,0.60,1.80,2.20,3.50,1.24,45.91,4.56,3.33,4.90,1.84
Nov-2018,2.20,2.30,0.80,1.90,2.00,2.20,0.20,1.30,2.00,3.80,0.94,48.47,4.05,3.27,4.72,2.17
Dec-2018,1.90,2.10,0.30,1.50,1.30,1.90,0.20,1.10,2.00,4.30,0.35,47.65,3.75,3.18,4.83,2.19
Jan-2019,1.60,1.80,0.20,1.40,0.80,1.70,-0.70,0.70,2.50,5.00,0.26,49.31,3.78,3.15,4.37,2.13
Feb-2019,1.50,1.90,0.20,1.50,0.50,1.50,-0.40,1.20,2.70,5.20,0.73,51.28,3.89,3.01,3.94,2.00
Mar-2019,1.90,1.90,0.50,1.40,0.40,2.30,0.20,1.70,3.00,5.30,1.24,54.73,4.58,3.21,4.00,2.25
Apr-2019,2.00,2.10,0.90,1.70,0.60,2.50,0.20,2.20,2.80,5.20,1.23,55.80,4.94,3.25,4.41,2.59
May-2019,1.80,2.00,0.70,1.20,0.70,2.70,0.20,2.40,2.90,5.10,1.15,57.30,4.66,3.31,4.28,2.73
Jun-2019,1.60,2.00,0.70,1.30,0.70,2.70,1.50,2.60,2.70,4.70,0.87,55.75,3.37,3.43,3.95,2.29
Jul-2019,1.80,2.10,0.50,1.00,0.60,2.80,1.40,2.90,2.90,4.60,0.98,54.39,3.22,3.79,3.78,2.11
Aug-2019,1.70,1.70,0.30,1.00,0.00,2.80,1.50,2.90,2.90,4.30,0.52,54.48,3.43,3.75,3.16,2.04
Sep-2019,1.70,1.70,0.20,0.80,-0.40,3.00,1.10,2.60,2.70,4.00,0.32,53.54,2.89,3.82,3.00,1.85
Oct-2019,1.80,1.50,0.20,0.70,0.00,3.80,1.10,2.50,2.70,3.80,0.11,50.49,2.54,3.86,3.02,1.88
Nov-2019,2.10,1.50,0.50,1.00,0.20,4.50,0.90,2.60,3.10,3.50,0.20,52.09,3.27,3.84,2.97,1.87
Dec-2019,2.30,1.30,0.80,1.30,0.70,4.50,1.00,3.40,3.20,3.00,0.88,53.83,4.31,3.80,2.83,1.90
Jan-2020,2.50,1.80,0.70,1.40,1.50,5.40,1.60,4.30,3.60,2.40,1.06,52.90,4.19,3.62,3.24,1.89
Feb-2020,2.30,1.70,0.40,1.20,1.10,5.20,1.30,4.70,3.70,2.30,0.74,50.30,4.01,3.72,3.70,1.90
Mar-2020,1.50,1.50,0.40,0.70,1.00,4.30,-0.20,4.60,3.40,2.50,-0.54,48.40,3.30,3.86,3.25,1.82
Apr-2020,0.30,0.80,0.10,0.30,0.10,3.30,-2.90,3.40,3.20,3.10,-2.99,45.60,2.40,3.51,2.15,1.72
May-2020,0.10,0.50,0.10,0.10,-0.30,2.40,-2.90,2.90,2.90,3.00,-3.44,43.40,1.88,2.85,2.84,1.78
Jun-2020,0.60,0.60,0.10,0.30,0.00,2.50,-1.90,3.30,3.30,3.20,-1.58,42.80,2.13,2.19,3.33,1.60
Jul-2020,1.00,1.00,0.30,0.40,0.30,2.70,-1.30,3.00,3.40,3.40,-0.98,42.40,2.31,1.97,3.62,1.86
Aug-2020,1.30,0.20,0.20,-0.20,0.70,2.40,-1.40,2.90,3.30,3.60,-0.50,40.70,2.44,1.88,4.05,1.69
Sep-2020,1.40,0.50,0.00,-0.30,1.00,1.70,-1.40,3.20,3.20,3.70,-0.70,36.60,3.14,1.97,4.01,1.82
Oct-2020,1.20,0.70,-0.40,-0.30,0.10,0.50,-1.50,3.10,2.90,4.00,-0.50,37.20,3.92,1.75,4.09,1.72
Nov-2020,1.20,0.30,-0.90,-0.30,0.60,-0.50,-1.70,3.00,2.70,4.40,-0.41,35.80,4.31,1.49,3.33,2.14
Dec-2020,1.40,0.60,-1.20,-0.30,0.50,0.20,-1.40,2.40,2.30,4.90,-0.27,36.10,4.52,1.61,3.15,1.97
Jan-2021,1.40,0.70,-0.60,0.90,0.60,-0.30,-0.20,2.70,2.20,5.20,-0.34,38.50,4.56,1.60,3.54,2.68
